name,types,description
SDL_AcquireCameraFrame,SDL_Camera Uint64 SDL_Surface,Acquire a frame.
SDL_AcquireGPUCommandBuffer,SDL_GPUDevice SDL_GPUCommandBuffer,Acquire a command buffer.
SDL_AcquireGPUSwapchainTexture,SDL_GPUCommandBuffer SDL_Window SDL_GPUTexture Uint32 bool,Acquire a texture to use in presentation.
SDL_AddAtomicInt,SDL_AtomicInt int,Add to an atomic variable.
SDL_AddAtomicU32,SDL_AtomicU32 int Uint32,Add to an atomic variable.
SDL_AddEventWatch,SDL_EventFilter bool,Add a callback to be triggered when an event is added to the event queue.
SDL_AddGamepadMapping,char int,Add support for gamepads that SDL is unaware of or change the binding of an existing gamepad.
SDL_AddGamepadMappingsFromFile,char int,Load a set of gamepad mappings from a file.
SDL_AddGamepadMappingsFromIO,SDL_IOStream bool int,Load a set of gamepad mappings from an SDL_IOStream.
SDL_AddHintCallback,char SDL_HintCallback bool,Add a function to watch a particular hint.
SDL_AddSurfaceAlternateImage,SDL_Surface bool,Add an alternate version of a surface.
SDL_AddTimer,Uint32 SDL_TimerCallback SDL_TimerID,Call a callback function at a future time.
SDL_AddTimerNS,Uint64 SDL_NSTimerCallback SDL_TimerID,Call a callback function at a future time.
SDL_AddVulkanRenderSemaphores,SDL_Renderer Uint32 Sint64 bool,Add a set of synchronization semaphores for the current frame.
SDL_AsyncIOFromFile,char SDL_AsyncIO,Use this function to create a new SDL_AsyncIO object for reading from and/or writing to a named file.
SDL_AttachVirtualJoystick,SDL_VirtualJoystickDesc SDL_JoystickID,Attach a new virtual joystick.
SDL_AudioDevicePaused,SDL_AudioDeviceID bool,Use this function to query if an audio device is paused.
SDL_AudioStreamDevicePaused,SDL_AudioStream bool,Use this function to query if an audio device associated with a stream is paused.
SDL_BeginGPUComputePass,SDL_GPUCommandBuffer SDL_GPUStorageTextureReadWriteBinding Uint32 SDL_GPUStorageBufferReadWriteBinding SDL_GPUComputePass,Begins a compute pass on a command buffer.
SDL_BeginGPUCopyPass,SDL_GPUCommandBuffer SDL_GPUCopyPass,Begins a copy pass on a command buffer.
SDL_BeginGPURenderPass,SDL_GPUCommandBuffer SDL_GPUColorTargetInfo Uint32 SDL_GPUDepthStencilTargetInfo SDL_GPURenderPass,Begins a render pass on a command buffer.
SDL_BindAudioStream,SDL_AudioDeviceID SDL_AudioStream bool,Bind a single audio stream to an audio device.
SDL_BindAudioStreams,SDL_AudioDeviceID SDL_AudioStream int bool,Bind a list of audio streams to an audio device.
SDL_BindGPUComputePipeline,SDL_GPUComputePass SDL_GPUComputePipeline,Binds a compute pipeline on a command buffer for use in compute dispatch.
SDL_BindGPUComputeSamplers,SDL_GPUComputePass Uint32 SDL_GPUTextureSamplerBinding,Binds texture-sampler pairs for use on the compute shader.
SDL_BindGPUComputeStorageBuffers,SDL_GPUComputePass Uint32 SDL_GPUBuffer,Binds storage buffers as readonly for use on the compute pipeline.
SDL_BindGPUComputeStorageTextures,SDL_GPUComputePass Uint32 SDL_GPUTexture,Binds storage textures as readonly for use on the compute pipeline.
SDL_BindGPUFragmentSamplers,SDL_GPURenderPass Uint32 SDL_GPUTextureSamplerBinding,Binds texture-sampler pairs for use on the fragment shader.
SDL_BindGPUFragmentStorageBuffers,SDL_GPURenderPass Uint32 SDL_GPUBuffer,Binds storage buffers for use on the fragment shader.
SDL_BindGPUFragmentStorageTextures,SDL_GPURenderPass Uint32 SDL_GPUTexture,Binds storage textures for use on the fragment shader.
SDL_BindGPUGraphicsPipeline,SDL_GPURenderPass SDL_GPUGraphicsPipeline,Binds a graphics pipeline on a render pass to be used in rendering.
SDL_BindGPUIndexBuffer,SDL_GPURenderPass SDL_GPUBufferBinding SDL_GPUIndexElementSize,Binds an index buffer on a command buffer for use with subsequent draw calls.
SDL_BindGPUVertexBuffers,SDL_GPURenderPass Uint32 SDL_GPUBufferBinding,Binds vertex buffers on a command buffer for use with subsequent draw calls.
SDL_BindGPUVertexSamplers,SDL_GPURenderPass Uint32 SDL_GPUTextureSamplerBinding,Binds texture-sampler pairs for use on the vertex shader.
SDL_BindGPUVertexStorageBuffers,SDL_GPURenderPass Uint32 SDL_GPUBuffer,Binds storage buffers for use on the vertex shader.
SDL_BindGPUVertexStorageTextures,SDL_GPURenderPass Uint32 SDL_GPUTexture,Binds storage textures for use on the vertex shader.
SDL_BlitGPUTexture,SDL_GPUCommandBuffer SDL_GPUBlitInfo,Blits from a source texture region to a destination texture region.
SDL_BlitSurface,SDL_Surface SDL_Rect bool,Performs a fast blit from the source surface to the destination surface with clipping.
SDL_BlitSurface9Grid,SDL_Surface SDL_Rect int float SDL_ScaleMode bool,"Perform a scaled blit using the 9-grid algorithm to a destination surface, which may be of a different format."
SDL_BlitSurfaceScaled,SDL_Surface SDL_Rect SDL_ScaleMode bool,"Perform a scaled blit to a destination surface, which may be of a different format."
SDL_BlitSurfaceTiled,SDL_Surface SDL_Rect bool,"Perform a tiled blit to a destination surface, which may be of a different format."
SDL_BlitSurfaceTiledWithScale,SDL_Surface SDL_Rect float SDL_ScaleMode bool,"Perform a scaled and tiled blit to a destination surface, which may be of a different format."
SDL_BlitSurfaceUnchecked,SDL_Surface SDL_Rect bool,Perform low-level surface blitting only.
SDL_BlitSurfaceUncheckedScaled,SDL_Surface SDL_Rect SDL_ScaleMode bool,Perform low-level surface scaled blitting only.
SDL_BroadcastCondition,SDL_Condition,Restart all threads that are waiting on the condition variable.
SDL_CalculateGPUTextureFormatSize,SDL_GPUTextureFormat Uint32,Calculate the size in bytes of a texture format with dimensions.
SDL_CancelGPUCommandBuffer,SDL_GPUCommandBuffer bool,Cancels a command buffer.
SDL_CaptureMouse,bool,Capture the mouse and to track input outside an SDL window.
SDL_ClaimWindowForGPUDevice,SDL_GPUDevice SDL_Window bool,"Claims a window, creating a swapchain structure for it."
SDL_CleanupTLS,,Cleanup all TLS data for this thread.
SDL_ClearAudioStream,SDL_AudioStream bool,Clear any pending data in the stream.
SDL_ClearClipboardData,bool,Clear the clipboard data.
SDL_ClearComposition,SDL_Window bool,Dismiss the composition window/IME without disabling the subsystem.
SDL_ClearError,bool,Clear any previous error message for this thread.
SDL_ClearProperty,SDL_PropertiesID char bool,Clear a property from a group of properties.
SDL_ClearSurface,SDL_Surface float bool,"Clear a surface with a specific color, with floating point precision."
SDL_ClickTrayEntry,SDL_TrayEntry,Simulate a click on a tray entry.
SDL_CloseAsyncIO,SDL_AsyncIO bool SDL_AsyncIOQueue,Close and free any allocated resources for an async I/O object.
SDL_CloseAudioDevice,SDL_AudioDeviceID,Close a previously-opened audio device.
SDL_CloseCamera,SDL_Camera,Use this function to shut down camera processing and close the camera device.
SDL_CloseGamepad,SDL_Gamepad,Close a gamepad previously opened with SDL_OpenGamepad().
SDL_CloseHaptic,SDL_Haptic,Close a haptic device previously opened with SDL_OpenHaptic().
SDL_CloseIO,SDL_IOStream bool,Close and free an allocated SDL_IOStream structure.
SDL_CloseJoystick,SDL_Joystick,Close a joystick previously opened with SDL_OpenJoystick().
SDL_CloseSensor,SDL_Sensor,Close a sensor previously opened with SDL_OpenSensor().
SDL_CloseStorage,SDL_Storage bool,Closes and frees a storage container.
SDL_CompareAndSwapAtomicInt,SDL_AtomicInt int bool,Set an atomic variable to a new value if it is currently an old value.
SDL_CompareAndSwapAtomicPointer,bool,Set a pointer to a new value if it is currently an old value.
SDL_CompareAndSwapAtomicU32,SDL_AtomicU32 Uint32 bool,Set an atomic variable to a new value if it is currently an old value.
SDL_ComposeCustomBlendMode,SDL_BlendFactor SDL_BlendOperation SDL_BlendMode,Compose a custom blend mode for renderers.
SDL_ConvertAudioSamples,SDL_AudioSpec Uint8 int bool,Convert some audio data of one format to another format.
SDL_ConvertEventToRenderCoordinates,SDL_Renderer SDL_Event bool,Convert the coordinates in an event to render coordinates.
SDL_ConvertPixels,int SDL_PixelFormat bool,Copy a block of pixels of one format to another format.
SDL_ConvertPixelsAndColorspace,int SDL_PixelFormat SDL_Colorspace SDL_PropertiesID bool,Copy a block of pixels of one format and colorspace to another format and colorspace.
SDL_ConvertSurface,SDL_Surface SDL_PixelFormat,Copy an existing surface to a new surface of the specified format.
SDL_ConvertSurfaceAndColorspace,SDL_Surface SDL_PixelFormat SDL_Palette SDL_Colorspace SDL_PropertiesID,Copy an existing surface to a new surface of the specified format and colorspace.
SDL_CopyFile,char bool,Copy a file.
SDL_CopyGPUBufferToBuffer,SDL_GPUCopyPass SDL_GPUBufferLocation Uint32 bool,Performs a buffer-to-buffer copy.
SDL_CopyGPUTextureToTexture,SDL_GPUCopyPass SDL_GPUTextureLocation Uint32 bool,Performs a texture-to-texture copy.
SDL_CopyProperties,SDL_PropertiesID bool,Copy a group of properties.
SDL_CopyStorageFile,SDL_Storage char bool,Copy a file in a writable storage container.
SDL_CreateAnimatedCursor,SDL_CursorFrameInfo int SDL_Cursor,Create an animated color cursor.
SDL_CreateAsyncIOQueue,SDL_AsyncIOQueue,Create a task queue for tracking multiple I/O operations.
SDL_CreateAudioStream,SDL_AudioSpec SDL_AudioStream,Create a new audio stream.
SDL_CreateColorCursor,SDL_Surface int SDL_Cursor,Create a color cursor.
SDL_CreateCondition,SDL_Condition,Create a condition variable.
SDL_CreateCursor,Uint8 int SDL_Cursor,Create a cursor using the specified bitmap data and mask (in MSB format).
SDL_CreateDirectory,char bool,"Create a directory, and any missing parent directories."
SDL_CreateEnvironment,bool SDL_Environment,Create a set of environment variables
SDL_CreateGPUBuffer,SDL_GPUDevice SDL_GPUBufferCreateInfo SDL_GPUBuffer,Creates a buffer object to be used in graphics or compute workflows.
SDL_CreateGPUComputePipeline,SDL_GPUDevice SDL_GPUComputePipelineCreateInfo SDL_GPUComputePipeline,Creates a pipeline object to be used in a compute workflow.
SDL_CreateGPUDevice,SDL_GPUShaderFormat bool char SDL_GPUDevice,Creates a GPU context.
SDL_CreateGPUDeviceWithProperties,SDL_PropertiesID SDL_GPUDevice,Creates a GPU context.
SDL_CreateGPUGraphicsPipeline,SDL_GPUDevice SDL_GPUGraphicsPipelineCreateInfo SDL_GPUGraphicsPipeline,Creates a pipeline object to be used in a graphics workflow.
SDL_CreateGPURenderState,SDL_Renderer SDL_GPURenderStateCreateInfo SDL_GPURenderState,Create custom GPU render state.
SDL_CreateGPURenderer,SDL_GPUDevice SDL_Window SDL_Renderer,Create a 2D GPU rendering context.
SDL_CreateGPUSampler,SDL_GPUDevice SDL_GPUSamplerCreateInfo SDL_GPUSampler,Creates a sampler object to be used when binding textures in a graphics workflow.
SDL_CreateGPUShader,SDL_GPUDevice SDL_GPUShaderCreateInfo SDL_GPUShader,Creates a shader to be used when creating a graphics pipeline.
SDL_CreateGPUTexture,SDL_GPUDevice SDL_GPUTextureCreateInfo SDL_GPUTexture,Creates a texture object to be used in graphics or compute workflows.
SDL_CreateGPUTransferBuffer,SDL_GPUDevice SDL_GPUTransferBufferCreateInfo SDL_GPUTransferBuffer,Creates a transfer buffer to be used when uploading to or downloading from graphics resources.
SDL_CreateHapticEffect,SDL_Haptic SDL_HapticEffect SDL_HapticEffectID,Create a new haptic effect on a specified device.
SDL_CreateMutex,SDL_Mutex,Create a new mutex.
SDL_CreatePalette,int SDL_Palette,Create a palette structure with the specified number of color entries.
SDL_CreatePopupWindow,SDL_Window int SDL_WindowFlags,Create a child popup window of the specified parent window.
SDL_CreateProcess,char bool SDL_Process,Create a new process.
SDL_CreateProcessWithProperties,SDL_PropertiesID SDL_Process,Create a new process with the specified properties.
SDL_CreateProperties,SDL_PropertiesID,Create a group of properties.
SDL_CreateRWLock,SDL_RWLock,Create a new read/write lock.
SDL_CreateRenderer,SDL_Window char SDL_Renderer,Create a 2D rendering context for a window.
SDL_CreateRendererWithProperties,SDL_PropertiesID SDL_Renderer,"Create a 2D rendering context for a window, with the specified properties."
SDL_CreateSemaphore,Uint32 SDL_Semaphore,Create a semaphore.
SDL_CreateSoftwareRenderer,SDL_Surface SDL_Renderer,Create a 2D software rendering context for a surface.
SDL_CreateStorageDirectory,SDL_Storage char bool,Create a directory in a writable storage container.
SDL_CreateSurface,int SDL_PixelFormat SDL_Surface,Allocate a new surface with a specific pixel format.
SDL_CreateSurfaceFrom,int SDL_PixelFormat SDL_Surface,Allocate a new surface with a specific pixel format and existing pixel data.
SDL_CreateSurfacePalette,SDL_Surface SDL_Palette,Create a palette and associate it with a surface.
SDL_CreateSystemCursor,SDL_SystemCursor SDL_Cursor,Create a system cursor.
SDL_CreateTexture,SDL_Renderer SDL_PixelFormat SDL_TextureAccess int SDL_Texture,Create a texture for a rendering context.
SDL_CreateTextureFromSurface,SDL_Renderer SDL_Surface SDL_Texture,Create a texture from an existing surface.
SDL_CreateTextureWithProperties,SDL_Renderer SDL_PropertiesID SDL_Texture,Create a texture for a rendering context with the specified properties.
SDL_CreateThread,SDL_ThreadFunction char SDL_Thread,Create a new thread with a default stack size.
SDL_CreateThreadWithProperties,SDL_PropertiesID SDL_Thread,Create a new thread with with the specified properties.
SDL_CreateTray,SDL_Surface char SDL_Tray,"Create an icon to be placed in the operating system's tray, or equivalent."
SDL_CreateTrayMenu,SDL_Tray SDL_TrayMenu,Create a menu for a system tray.
SDL_CreateTraySubmenu,SDL_TrayEntry SDL_TrayMenu,Create a submenu for a system tray entry.
SDL_CreateTrayWithProperties,SDL_PropertiesID SDL_Tray,"Create an icon to be placed in the operating system's tray, or equivalent."
SDL_CreateWindow,char int SDL_WindowFlags SDL_Window,Create a window with the specified dimensions and flags.
SDL_CreateWindowAndRenderer,char int SDL_WindowFlags SDL_Window SDL_Renderer bool,Create a window and default renderer.
SDL_CreateWindowWithProperties,SDL_PropertiesID SDL_Window,Create a window with the specified properties.
SDL_CursorVisible,bool,Return whether the cursor is currently being shown.
SDL_DateTimeToTime,SDL_DateTime SDL_Time bool,Converts a calendar time to an SDL_Time in nanoseconds since the epoch.
SDL_Delay,Uint32,Wait a specified number of milliseconds before returning.
SDL_DelayNS,Uint64,Wait a specified number of nanoseconds before returning.
SDL_DelayPrecise,Uint64,Wait a specified number of nanoseconds before returning.
SDL_DestroyAsyncIOQueue,SDL_AsyncIOQueue,Destroy a previously-created async I/O task queue.
SDL_DestroyAudioStream,SDL_AudioStream,Free an audio stream.
SDL_DestroyCondition,SDL_Condition,Destroy a condition variable.
SDL_DestroyCursor,SDL_Cursor,Free a previously-created cursor.
SDL_DestroyEnvironment,SDL_Environment,Destroy a set of environment variables.
SDL_DestroyGPUDevice,SDL_GPUDevice,Destroys a GPU context previously returned by SDL_CreateGPUDevice.
SDL_DestroyGPURenderState,SDL_GPURenderState,Destroy custom GPU render state.
SDL_DestroyHapticEffect,SDL_Haptic SDL_HapticEffectID,Destroy a haptic effect on the device.
SDL_DestroyMutex,SDL_Mutex,Destroy a mutex created with SDL_CreateMutex().
SDL_DestroyPalette,SDL_Palette,Free a palette created with SDL_CreatePalette().
SDL_DestroyProcess,SDL_Process,Destroy a previously created process object.
SDL_DestroyProperties,SDL_PropertiesID,Destroy a group of properties.
SDL_DestroyRWLock,SDL_RWLock,Destroy a read/write lock created with SDL_CreateRWLock().
SDL_DestroyRenderer,SDL_Renderer,Destroy the rendering context for a window and free all associated textures.
SDL_DestroySemaphore,SDL_Semaphore,Destroy a semaphore.
SDL_DestroySurface,SDL_Surface,Free a surface.
SDL_DestroyTexture,SDL_Texture,Destroy the specified texture.
SDL_DestroyTray,SDL_Tray,Destroys a tray object.
SDL_DestroyWindow,SDL_Window,Destroy a window.
SDL_DestroyWindowSurface,SDL_Window bool,Destroy the surface associated with the window.
SDL_DetachThread,SDL_Thread,Let a thread clean up on exit without intervention.
SDL_DetachVirtualJoystick,SDL_JoystickID bool,Detach a virtual joystick.
SDL_DisableScreenSaver,bool,Prevent the screen from being blanked by a screen saver.
SDL_DispatchGPUCompute,SDL_GPUComputePass Uint32,Dispatches compute work.
SDL_DispatchGPUComputeIndirect,SDL_GPUComputePass SDL_GPUBuffer Uint32,Dispatches compute work with parameters set from a buffer.
SDL_DownloadFromGPUBuffer,SDL_GPUCopyPass SDL_GPUBufferRegion SDL_GPUTransferBufferLocation,Copies data from a buffer to a transfer buffer on the GPU timeline.
SDL_DownloadFromGPUTexture,SDL_GPUCopyPass SDL_GPUTextureRegion SDL_GPUTextureTransferInfo,Copies data from a texture to a transfer buffer on the GPU timeline.
SDL_DrawGPUIndexedPrimitives,SDL_GPURenderPass Uint32 Sint32,Draws data using bound graphics state with an index buffer and instancing enabled.
SDL_DrawGPUIndexedPrimitivesIndirect,SDL_GPURenderPass SDL_GPUBuffer Uint32,Draws data using bound graphics state with an index buffer enabled and with draw parameters set from a buffer.
SDL_DrawGPUPrimitives,SDL_GPURenderPass Uint32,Draws data using bound graphics state.
SDL_DrawGPUPrimitivesIndirect,SDL_GPURenderPass SDL_GPUBuffer Uint32,Draws data using bound graphics state and with draw parameters set from a buffer.
SDL_DuplicateSurface,SDL_Surface,Creates a new surface identical to the existing surface.
SDL_EGL_GetCurrentConfig,SDL_EGLConfig,Get the currently active EGL config.
SDL_EGL_GetCurrentDisplay,SDL_EGLDisplay,Get the currently active EGL display.
SDL_EGL_GetProcAddress,char SDL_FunctionPointer,Get an EGL library function by name.
SDL_EGL_GetWindowSurface,SDL_Window SDL_EGLSurface,Get the EGL surface associated with the window.
SDL_EGL_SetAttributeCallbacks,SDL_EGLAttribArrayCallback SDL_EGLIntArrayCallback,Sets the callbacks for defining custom EGLAttrib arrays for EGL initialization.
SDL_EnableScreenSaver,bool,Allow the screen to be blanked by a screen saver.
SDL_EndGPUComputePass,SDL_GPUComputePass,Ends the current compute pass.
SDL_EndGPUCopyPass,SDL_GPUCopyPass,Ends the current copy pass.
SDL_EndGPURenderPass,SDL_GPURenderPass,Ends the given render pass.
SDL_EnumerateDirectory,char SDL_EnumerateDirectoryCallback bool,Enumerate a directory through a callback function.
SDL_EnumerateProperties,SDL_PropertiesID SDL_EnumeratePropertiesCallback bool,Enumerate the properties contained in a group of properties.
SDL_EnumerateStorageDirectory,SDL_Storage char SDL_EnumerateDirectoryCallback bool,Enumerate a directory in a storage container through a callback function.
SDL_EventEnabled,Uint32 bool,Query the state of processing events by type.
SDL_FillSurfaceRect,SDL_Surface SDL_Rect Uint32 bool,Perform a fast fill of a rectangle with a specific color.
SDL_FillSurfaceRects,SDL_Surface SDL_Rect int Uint32 bool,Perform a fast fill of a set of rectangles with a specific color.
SDL_FilterEvents,SDL_EventFilter,"Run a specific filter function on the current event queue, removing any events for which the filter returns false."
SDL_FlashWindow,SDL_Window SDL_FlashOperation bool,Request a window to demand attention from the user.
SDL_FlipSurface,SDL_Surface SDL_FlipMode bool,Flip a surface vertically or horizontally.
SDL_FlushAudioStream,SDL_AudioStream bool,"Tell the stream that you're done sending data, and anything being buffered should be converted/resampled and made available immediately."
SDL_FlushEvent,Uint32,Clear events of a specific type from the event queue.
SDL_FlushEvents,Uint32,Clear events of a range of types from the event queue.
SDL_FlushIO,SDL_IOStream bool,Flush any buffered data in the stream.
SDL_FlushRenderer,SDL_Renderer bool,Force the rendering context to flush any pending commands and state.
SDL_GDKResumeGPU,SDL_GPUDevice,Call this to resume GPU operation on Xbox after receiving the SDL_EVENT_WILL_ENTER_FOREGROUND event.
SDL_GDKResumeRenderer,SDL_Renderer,Call this to resume Render operations on Xbox after receiving the SDL_EVENT_WILL_ENTER_FOREGROUND event.
SDL_GDKSuspendGPU,SDL_GPUDevice,Call this to suspend GPU operation on Xbox after receiving the SDL_EVENT_DID_ENTER_BACKGROUND event.
SDL_GDKSuspendRenderer,SDL_Renderer,Call this to suspend Render operations on Xbox after receiving the SDL_EVENT_DID_ENTER_BACKGROUND event.
SDL_GL_CreateContext,SDL_Window SDL_GLContext,"Create an OpenGL context for an OpenGL window, and make it current."
SDL_GL_DestroyContext,SDL_GLContext bool,Delete an OpenGL context.
SDL_GL_ExtensionSupported,char bool,Check if an OpenGL extension is supported for the current context.
SDL_GL_GetAttribute,SDL_GLAttr int bool,Get the actual value for an attribute from the current context.
SDL_GL_GetCurrentContext,SDL_GLContext,Get the currently active OpenGL context.
SDL_GL_GetCurrentWindow,SDL_Window,Get the currently active OpenGL window.
SDL_GL_GetProcAddress,char SDL_FunctionPointer,Get an OpenGL function by name.
SDL_GL_GetSwapInterval,int bool,Get the swap interval for the current OpenGL context.
SDL_GL_LoadLibrary,char bool,Dynamically load an OpenGL library.
SDL_GL_MakeCurrent,SDL_Window SDL_GLContext bool,Set up an OpenGL context for rendering into an OpenGL window.
SDL_GL_ResetAttributes,,Reset all previously set OpenGL context attributes to their default values.
SDL_GL_SetAttribute,SDL_GLAttr int bool,Set an OpenGL window attribute before window creation.
SDL_GL_SetSwapInterval,int bool,Set the swap interval for the current OpenGL context.
SDL_GL_SwapWindow,SDL_Window bool,Update a window with OpenGL rendering.
SDL_GL_UnloadLibrary,,Unload the OpenGL library previously loaded by SDL_GL_LoadLibrary().
SDL_GPUSupportsProperties,SDL_PropertiesID bool,Checks for GPU runtime support.
SDL_GPUSupportsShaderFormats,SDL_GPUShaderFormat char bool,Checks for GPU runtime support.
SDL_GPUTextureFormatTexelBlockSize,SDL_GPUTextureFormat Uint32,Obtains the texel block size for a texture format.
SDL_GPUTextureSupportsFormat,SDL_GPUDevice SDL_GPUTextureFormat SDL_GPUTextureType SDL_GPUTextureUsageFlags bool,Determines whether a texture format is supported for a given type and usage.
SDL_GPUTextureSupportsSampleCount,SDL_GPUDevice SDL_GPUTextureFormat SDL_GPUSampleCount bool,Determines if a sample count for a texture format is supported.
SDL_GUIDToString,SDL_GUID char int,Get an ASCII string representation for a given SDL_GUID.
SDL_GamepadConnected,SDL_Gamepad bool,Check if a gamepad has been opened and is currently connected.
SDL_GamepadEventsEnabled,bool,Query the state of gamepad event processing.
SDL_GamepadHasAxis,SDL_Gamepad SDL_GamepadAxis bool,Query whether a gamepad has a given axis.
SDL_GamepadHasButton,SDL_Gamepad SDL_GamepadButton bool,Query whether a gamepad has a given button.
SDL_GamepadHasCapSense,SDL_Gamepad SDL_GamepadCapSenseType bool,Return whether a gamepad has a particular capsense.
SDL_GamepadHasSensor,SDL_Gamepad SDL_SensorType bool,Return whether a gamepad has a particular sensor.
SDL_GamepadSensorEnabled,SDL_Gamepad SDL_SensorType bool,Query whether sensor data reporting is enabled for a gamepad.
SDL_GenerateMipmapsForGPUTexture,SDL_GPUCommandBuffer SDL_GPUTexture,Generates mipmaps for the given texture.
SDL_GetAndroidActivity,,Retrieve the Java instance of the Android activity class.
SDL_GetAndroidCachePath,char,Get the path used for caching data for this Android application.
SDL_GetAndroidExternalStoragePath,char,Get the path used for external storage for this Android application.
SDL_GetAndroidExternalStorageState,Uint32,Get the current state of external storage for this Android application.
SDL_GetAndroidInternalStoragePath,char,Get the path used for internal storage for this Android application.
SDL_GetAndroidJNIEnv,,Get the Android Java Native Interface Environment of the current thread.
SDL_GetAndroidSDKVersion,int,Query Android API level of the current device.
SDL_GetAppMetadataProperty,char,Get metadata about your app.
SDL_GetAssertionHandler,SDL_AssertionHandler,Get the current assertion handler.
SDL_GetAssertionReport,SDL_AssertData,Get a list of all assertion failures.
SDL_GetAsyncIOResult,SDL_AsyncIOQueue SDL_AsyncIOOutcome bool,Query an async I/O task queue for completed tasks.
SDL_GetAsyncIOSize,SDL_AsyncIO Sint64,Use this function to get the size of the data stream in an SDL_AsyncIO.
SDL_GetAtomicInt,SDL_AtomicInt int,Get the value of an atomic variable.
SDL_GetAtomicPointer,,Get the value of a pointer atomically.
SDL_GetAtomicU32,SDL_AtomicU32 Uint32,Get the value of an atomic variable.
SDL_GetAudioDeviceChannelMap,SDL_AudioDeviceID int,Get the current channel map of an audio device.
SDL_GetAudioDeviceFormat,SDL_AudioDeviceID SDL_AudioSpec int bool,Get the current audio format of a specific audio device.
SDL_GetAudioDeviceGain,SDL_AudioDeviceID float,Get the gain of an audio device.
SDL_GetAudioDeviceName,SDL_AudioDeviceID char,Get the human-readable name of a specific audio device.
SDL_GetAudioDriver,int char,Use this function to get the name of a built in audio driver.
SDL_GetAudioFormatName,SDL_AudioFormat char,Get the human readable name of an audio format.
SDL_GetAudioPlaybackDevices,int SDL_AudioDeviceID,Get a list of currently-connected audio playback devices.
SDL_GetAudioRecordingDevices,int SDL_AudioDeviceID,Get a list of currently-connected audio recording devices.
SDL_GetAudioStreamAvailable,SDL_AudioStream int,Get the number of converted/resampled bytes available.
SDL_GetAudioStreamData,SDL_AudioStream int,Get converted/resampled data from the stream.
SDL_GetAudioStreamDevice,SDL_AudioStream SDL_AudioDeviceID,Query an audio stream for its currently-bound device.
SDL_GetAudioStreamFormat,SDL_AudioStream SDL_AudioSpec bool,Query the current format of an audio stream.
SDL_GetAudioStreamFrequencyRatio,SDL_AudioStream float,Get the frequency ratio of an audio stream.
SDL_GetAudioStreamGain,SDL_AudioStream float,Get the gain of an audio stream.
SDL_GetAudioStreamInputChannelMap,SDL_AudioStream int,Get the current input channel map of an audio stream.
SDL_GetAudioStreamOutputChannelMap,SDL_AudioStream int,Get the current output channel map of an audio stream.
SDL_GetAudioStreamProperties,SDL_AudioStream SDL_PropertiesID,Get the properties associated with an audio stream.
SDL_GetAudioStreamQueued,SDL_AudioStream int,Get the number of bytes currently queued.
SDL_GetBasePath,char,Get the directory where the application was run from.
SDL_GetBooleanProperty,SDL_PropertiesID char bool,Get a boolean property from a group of properties.
SDL_GetCPUCacheLineSize,int,Determine the L1 cache line size of the CPU.
SDL_GetCameraDriver,int char,Use this function to get the name of a built in camera driver.
SDL_GetCameraFormat,SDL_Camera SDL_CameraSpec bool,Get the spec that a camera is using when generating images.
SDL_GetCameraID,SDL_Camera SDL_CameraID,Get the instance ID of an opened camera.
SDL_GetCameraName,SDL_CameraID char,Get the human-readable device name for a camera.
SDL_GetCameraPermissionState,SDL_Camera SDL_CameraPermissionState,Query if camera access has been approved by the user.
SDL_GetCameraPosition,SDL_CameraID SDL_CameraPosition,Get the position of the camera in relation to the system.
SDL_GetCameraProperties,SDL_Camera SDL_PropertiesID,Get the properties associated with an opened camera.
SDL_GetCameraSupportedFormats,SDL_CameraID int SDL_CameraSpec,Get the list of native formats/sizes a camera supports.
SDL_GetCameras,int SDL_CameraID,Get a list of currently connected camera devices.
SDL_GetClipboardData,char size_t,Get the data from the clipboard for a given mime type.
SDL_GetClipboardMimeTypes,size_t char,Retrieve the list of mime types available in the clipboard.
SDL_GetClipboardText,char,Get UTF-8 text from the clipboard.
SDL_GetClosestFullscreenDisplayMode,SDL_DisplayID int float bool SDL_DisplayMode,Get the closest match to the requested display mode.
SDL_GetCurrentAudioDriver,char,Get the name of the current audio driver.
SDL_GetCurrentCameraDriver,char,Get the name of the current camera driver.
SDL_GetCurrentDirectory,char,"Get what the system believes is the ""current working directory."""
SDL_GetCurrentDisplayMode,SDL_DisplayID SDL_DisplayMode,Get information about the current display mode.
SDL_GetCurrentDisplayOrientation,SDL_DisplayID SDL_DisplayOrientation,Get the orientation of a display.
SDL_GetCurrentRenderOutputSize,SDL_Renderer int bool,Get the current output size in pixels of a rendering context.
SDL_GetCurrentThreadID,SDL_ThreadID,Get the thread identifier for the current thread.
SDL_GetCurrentTime,SDL_Time bool,"Gets the current value of the system realtime clock in nanoseconds since Jan 1, 1970 in Universal Coordinated Time (UTC)."
SDL_GetCurrentVideoDriver,char,Get the name of the currently initialized video driver.
SDL_GetCursor,SDL_Cursor,Get the active cursor.
SDL_GetDXGIOutputInfo,SDL_DisplayID int bool,Get the DXGI Adapter and Output indices for the specified display.
SDL_GetDateTimeLocalePreferences,SDL_DateFormat SDL_TimeFormat bool,Gets the current preferred date and time format for the system locale.
SDL_GetDayOfWeek,int,Get the day of week for a calendar date.
SDL_GetDayOfYear,int,Get the day of year for a calendar date.
SDL_GetDaysInMonth,int,Get the number of days in a month for a given year.
SDL_GetDefaultAssertionHandler,SDL_AssertionHandler,Get the default assertion handler.
SDL_GetDefaultCursor,SDL_Cursor,Get the default cursor.
SDL_GetDefaultLogOutputFunction,SDL_LogOutputFunction,Get the default log output function.
SDL_GetDefaultTextureScaleMode,SDL_Renderer SDL_ScaleMode bool,Get default texture scale mode of the given renderer.
SDL_GetDesktopDisplayMode,SDL_DisplayID SDL_DisplayMode,Get information about the desktop's display mode.
SDL_GetDeviceFormFactor,SDL_FormFactor,Get the form factor of the current device.
SDL_GetDeviceFormFactorName,SDL_FormFactor char,Get a short name for the current device.
SDL_GetDirect3D9AdapterIndex,SDL_DisplayID int,Get the D3D9 adapter index that matches the specified display.
SDL_GetDisplayBounds,SDL_DisplayID SDL_Rect bool,Get the desktop area represented by a display.
SDL_GetDisplayContentScale,SDL_DisplayID float,Get the content scale of a display.
SDL_GetDisplayForPoint,SDL_Point SDL_DisplayID,Get the display containing a point.
SDL_GetDisplayForRect,SDL_Rect SDL_DisplayID,Get the display primarily containing a rect.
SDL_GetDisplayForWindow,SDL_Window SDL_DisplayID,Get the display associated with a window.
SDL_GetDisplayName,SDL_DisplayID char,Get the name of a display in UTF-8 encoding.
SDL_GetDisplayProperties,SDL_DisplayID SDL_PropertiesID,Get the properties associated with a display.
SDL_GetDisplayUsableBounds,SDL_DisplayID SDL_Rect bool,"Get the usable desktop area represented by a display, in screen coordinates."
SDL_GetDisplays,int SDL_DisplayID,Get a list of currently connected displays.
SDL_GetEnvironment,SDL_Environment,Get the process environment.
SDL_GetEnvironmentVariable,SDL_Environment char,Get the value of a variable in the environment.
SDL_GetEnvironmentVariables,SDL_Environment char,Get all variables in the environment.
SDL_GetError,char,Retrieve a message about the last error that occurred on the current thread.
SDL_GetEventDescription,SDL_Event char int,Generate an English description of an event.
SDL_GetEventFilter,SDL_EventFilter bool,Query the current event filter.
SDL_GetFloatProperty,SDL_PropertiesID char float,Get a floating point property from a group of properties.
SDL_GetFullscreenDisplayModes,SDL_DisplayID int SDL_DisplayMode,Get a list of fullscreen display modes available on a display.
SDL_GetGDKDefaultUser,XUserHandle bool,Gets a reference to the default user handle for GDK.
SDL_GetGDKTaskQueue,XTaskQueueHandle bool,"Gets a reference to the global async task queue handle for GDK, initializing if needed."
SDL_GetGPUDeviceDriver,SDL_GPUDevice char,Returns the name of the backend used to create this GPU context.
SDL_GetGPUDeviceProperties,SDL_GPUDevice SDL_PropertiesID,Get the properties associated with a GPU device.
SDL_GetGPUDriver,int char,Get the name of a built in GPU driver.
SDL_GetGPURendererDevice,SDL_Renderer SDL_GPUDevice,Return the GPU device used by a renderer.
SDL_GetGPUShaderFormats,SDL_GPUDevice SDL_GPUShaderFormat,Returns the supported shader formats for this GPU context.
SDL_GetGPUSwapchainTextureFormat,SDL_GPUDevice SDL_Window SDL_GPUTextureFormat,Obtains the texture format of the swapchain for the given window.
SDL_GetGPUTextureFormatFromPixelFormat,SDL_PixelFormat SDL_GPUTextureFormat,Get the GPU texture format corresponding to an SDL pixel format.
SDL_GetGamepadAppleSFSymbolsNameForAxis,SDL_Gamepad SDL_GamepadAxis char,Return the sfSymbolsName for a given axis on a gamepad on Apple platforms.
SDL_GetGamepadAppleSFSymbolsNameForButton,SDL_Gamepad SDL_GamepadButton char,Return the sfSymbolsName for a given button on a gamepad on Apple platforms.
SDL_GetGamepadAxis,SDL_Gamepad SDL_GamepadAxis Sint16,Get the current state of an axis control on a gamepad.
SDL_GetGamepadAxisFromString,char SDL_GamepadAxis,Convert a string into SDL_GamepadAxis enum.
SDL_GetGamepadBindings,SDL_Gamepad int SDL_GamepadBinding,Get the SDL joystick layer bindings for a gamepad.
SDL_GetGamepadButton,SDL_Gamepad SDL_GamepadButton bool,Get the current state of a button on a gamepad.
SDL_GetGamepadButtonFromString,char SDL_GamepadButton,Convert a string into an SDL_GamepadButton enum.
SDL_GetGamepadButtonLabel,SDL_Gamepad SDL_GamepadButton SDL_GamepadButtonLabel,Get the label of a button on a gamepad.
SDL_GetGamepadButtonLabelForType,SDL_GamepadType SDL_GamepadButton SDL_GamepadButtonLabel,Get the label of a button on a gamepad.
SDL_GetGamepadCapSense,SDL_Gamepad SDL_GamepadCapSenseType bool,Get the current state of a capsense on a gamepad.
SDL_GetGamepadConnectionState,SDL_Gamepad SDL_JoystickConnectionState,Get the connection state of a gamepad.
SDL_GetGamepadFirmwareVersion,SDL_Gamepad Uint16,"Get the firmware version of an opened gamepad, if available."
SDL_GetGamepadFromID,SDL_JoystickID SDL_Gamepad,"Get the SDL_Gamepad associated with a joystick instance ID, if it has been opened."
SDL_GetGamepadFromPlayerIndex,int SDL_Gamepad,Get the SDL_Gamepad associated with a player index.
SDL_GetGamepadGUIDForID,SDL_JoystickID SDL_GUID,Get the implementation-dependent GUID of a gamepad.
SDL_GetGamepadID,SDL_Gamepad SDL_JoystickID,Get the instance ID of an opened gamepad.
SDL_GetGamepadJoystick,SDL_Gamepad SDL_Joystick,Get the underlying joystick from a gamepad.
SDL_GetGamepadMapping,SDL_Gamepad char,Get the current mapping of a gamepad.
SDL_GetGamepadMappingForGUID,SDL_GUID char,Get the gamepad mapping string for a given GUID.
SDL_GetGamepadMappingForID,SDL_JoystickID char,Get the mapping of a gamepad.
SDL_GetGamepadMappings,int char,Get the current gamepad mappings.
SDL_GetGamepadName,SDL_Gamepad char,Get the implementation-dependent name for an opened gamepad.
SDL_GetGamepadNameForID,SDL_JoystickID char,Get the implementation dependent name of a gamepad.
SDL_GetGamepadPath,SDL_Gamepad char,Get the implementation-dependent path for an opened gamepad.
SDL_GetGamepadPathForID,SDL_JoystickID char,Get the implementation dependent path of a gamepad.
SDL_GetGamepadPlayerIndex,SDL_Gamepad int,Get the player index of an opened gamepad.
SDL_GetGamepadPlayerIndexForID,SDL_JoystickID int,Get the player index of a gamepad.
SDL_GetGamepadPowerInfo,SDL_Gamepad int SDL_PowerState,Get the battery state of a gamepad.
SDL_GetGamepadProduct,SDL_Gamepad Uint16,"Get the USB product ID of an opened gamepad, if available."
SDL_GetGamepadProductForID,SDL_JoystickID Uint16,"Get the USB product ID of a gamepad, if available."
SDL_GetGamepadProductVersion,SDL_Gamepad Uint16,"Get the product version of an opened gamepad, if available."
SDL_GetGamepadProductVersionForID,SDL_JoystickID Uint16,"Get the product version of a gamepad, if available."
SDL_GetGamepadProperties,SDL_Gamepad SDL_PropertiesID,Get the properties associated with an opened gamepad.
SDL_GetGamepadSensorData,SDL_Gamepad SDL_SensorType float int bool,Get the current state of a gamepad sensor.
SDL_GetGamepadSensorDataRate,SDL_Gamepad SDL_SensorType float,Get the data rate (number of events per second) of a gamepad sensor.
SDL_GetGamepadSerial,SDL_Gamepad char,"Get the serial number of an opened gamepad, if available."
SDL_GetGamepadSteamHandle,SDL_Gamepad Uint64,"Get the Steam Input handle of an opened gamepad, if available."
SDL_GetGamepadStringForAxis,SDL_GamepadAxis char,Convert from an SDL_GamepadAxis enum to a string.
SDL_GetGamepadStringForButton,SDL_GamepadButton char,Convert from an SDL_GamepadButton enum to a string.
SDL_GetGamepadStringForType,SDL_GamepadType char,Convert from an SDL_GamepadType enum to a string.
SDL_GetGamepadTouchpadFinger,SDL_Gamepad int bool float,Get the current state of a finger on a touchpad on a gamepad.
SDL_GetGamepadType,SDL_Gamepad SDL_GamepadType,Get the type of an opened gamepad.
SDL_GetGamepadTypeForID,SDL_JoystickID SDL_GamepadType,Get the type of a gamepad.
SDL_GetGamepadTypeFromString,char SDL_GamepadType,Convert a string into SDL_GamepadType enum.
SDL_GetGamepadVendor,SDL_Gamepad Uint16,"Get the USB vendor ID of an opened gamepad, if available."
SDL_GetGamepadVendorForID,SDL_JoystickID Uint16,"Get the USB vendor ID of a gamepad, if available."
SDL_GetGamepads,int SDL_JoystickID,Get a list of currently connected gamepads.
SDL_GetGlobalMouseState,float SDL_MouseButtonFlags,Query the platform for the asynchronous mouse button state and the desktop-relative platform-cursor position.
SDL_GetGlobalProperties,SDL_PropertiesID,Get the global SDL properties.
SDL_GetGrabbedWindow,SDL_Window,Get the window that currently has an input grab enabled.
SDL_GetHapticEffectStatus,SDL_Haptic SDL_HapticEffectID bool,Get the status of the current effect on the specified haptic device.
SDL_GetHapticFeatures,SDL_Haptic Uint32,Get the haptic device's supported features in bitwise manner.
SDL_GetHapticFromID,SDL_HapticID SDL_Haptic,"Get the SDL_Haptic associated with an instance ID, if it has been opened."
SDL_GetHapticID,SDL_Haptic SDL_HapticID,Get the instance ID of an opened haptic device.
SDL_GetHapticName,SDL_Haptic char,Get the implementation dependent name of a haptic device.
SDL_GetHapticNameForID,SDL_HapticID char,Get the implementation dependent name of a haptic device.
SDL_GetHaptics,int SDL_HapticID,Get a list of currently connected haptic devices.
SDL_GetHint,char,Get the value of a hint.
SDL_GetHintBoolean,char bool,Get the boolean value of a hint variable.
SDL_GetIOProperties,SDL_IOStream SDL_PropertiesID,Get the properties associated with an SDL_IOStream.
SDL_GetIOSize,SDL_IOStream Sint64,Use this function to get the size of the data stream in an SDL_IOStream.
SDL_GetIOStatus,SDL_IOStream SDL_IOStatus,Query the stream status of an SDL_IOStream.
SDL_GetJoystickAxis,SDL_Joystick int Sint16,Get the current state of an axis control on a joystick.
SDL_GetJoystickAxisInitialState,SDL_Joystick int Sint16 bool,Get the initial state of an axis control on a joystick.
SDL_GetJoystickBall,SDL_Joystick int bool,Get the ball axis change since the last poll.
SDL_GetJoystickButton,SDL_Joystick int bool,Get the current state of a button on a joystick.
SDL_GetJoystickConnectionState,SDL_Joystick SDL_JoystickConnectionState,Get the connection state of a joystick.
SDL_GetJoystickFirmwareVersion,SDL_Joystick Uint16,"Get the firmware version of an opened joystick, if available."
SDL_GetJoystickFromID,SDL_JoystickID SDL_Joystick,"Get the SDL_Joystick associated with an instance ID, if it has been opened."
SDL_GetJoystickFromPlayerIndex,int SDL_Joystick,Get the SDL_Joystick associated with a player index.
SDL_GetJoystickGUID,SDL_Joystick SDL_GUID,Get the implementation-dependent GUID for the joystick.
SDL_GetJoystickGUIDForID,SDL_JoystickID SDL_GUID,Get the implementation-dependent GUID of a joystick.
SDL_GetJoystickGUIDInfo,SDL_GUID Uint16,Get the device information encoded in a SDL_GUID structure.
SDL_GetJoystickHat,SDL_Joystick int Uint8,Get the current state of a POV hat on a joystick.
SDL_GetJoystickID,SDL_Joystick SDL_JoystickID,Get the instance ID of an opened joystick.
SDL_GetJoystickName,SDL_Joystick char,Get the implementation dependent name of a joystick.
SDL_GetJoystickNameForID,SDL_JoystickID char,Get the implementation dependent name of a joystick.
SDL_GetJoystickPath,SDL_Joystick char,Get the implementation dependent path of a joystick.
SDL_GetJoystickPathForID,SDL_JoystickID char,Get the implementation dependent path of a joystick.
SDL_GetJoystickPlayerIndex,SDL_Joystick int,Get the player index of an opened joystick.
SDL_GetJoystickPlayerIndexForID,SDL_JoystickID int,Get the player index of a joystick.
SDL_GetJoystickPowerInfo,SDL_Joystick int SDL_PowerState,Get the battery state of a joystick.
SDL_GetJoystickProduct,SDL_Joystick Uint16,"Get the USB product ID of an opened joystick, if available."
SDL_GetJoystickProductForID,SDL_JoystickID Uint16,"Get the USB product ID of a joystick, if available."
SDL_GetJoystickProductVersion,SDL_Joystick Uint16,"Get the product version of an opened joystick, if available."
SDL_GetJoystickProductVersionForID,SDL_JoystickID Uint16,"Get the product version of a joystick, if available."
SDL_GetJoystickProperties,SDL_Joystick SDL_PropertiesID,Get the properties associated with a joystick.
SDL_GetJoystickSerial,SDL_Joystick char,"Get the serial number of an opened joystick, if available."
SDL_GetJoystickType,SDL_Joystick SDL_JoystickType,Get the type of an opened joystick.
SDL_GetJoystickTypeForID,SDL_JoystickID SDL_JoystickType,"Get the type of a joystick, if available."
SDL_GetJoystickVendor,SDL_Joystick Uint16,"Get the USB vendor ID of an opened joystick, if available."
SDL_GetJoystickVendorForID,SDL_JoystickID Uint16,"Get the USB vendor ID of a joystick, if available."
SDL_GetJoysticks,int SDL_JoystickID,Get a list of currently connected joysticks.
SDL_GetKeyFromName,char SDL_Keycode,Get a key code from a human-readable name.
SDL_GetKeyFromScancode,SDL_Scancode SDL_Keymod bool SDL_Keycode,Get the key code corresponding to the given scancode according to the current keyboard layout.
SDL_GetKeyName,SDL_Keycode char,Get a human-readable name for a key.
SDL_GetKeyboardFocus,SDL_Window,Query the window which currently has keyboard focus.
SDL_GetKeyboardNameForID,SDL_KeyboardID char,Get the name of a keyboard.
SDL_GetKeyboardState,int bool,Get a snapshot of the current state of the keyboard.
SDL_GetKeyboards,int SDL_KeyboardID,Get a list of currently connected keyboards.
SDL_GetLogOutputFunction,SDL_LogOutputFunction,Get the current log output function.
SDL_GetLogPriority,int SDL_LogPriority,Get the priority of a particular log category.
SDL_GetMasksForPixelFormat,SDL_PixelFormat int Uint32 bool,Convert one of the enumerated pixel formats to a bpp value and RGBA masks.
SDL_GetMaxHapticEffects,SDL_Haptic int,Get the number of effects a haptic device can store.
SDL_GetMaxHapticEffectsPlaying,SDL_Haptic int,Get the number of effects a haptic device can play at the same time.
SDL_GetMemoryFunctions,SDL_malloc_func SDL_calloc_func SDL_realloc_func SDL_free_func,Get the current set of SDL memory functions.
SDL_GetMice,int SDL_MouseID,Get a list of currently connected mice.
SDL_GetModState,SDL_Keymod,Get the current key modifier state for the keyboard.
SDL_GetMouseFocus,SDL_Window,Get the window which currently has mouse focus.
SDL_GetMouseNameForID,SDL_MouseID char,Get the name of a mouse.
SDL_GetMouseState,float SDL_MouseButtonFlags,Query SDL's cache for the synchronous mouse button state and the window-relative SDL-cursor position.
SDL_GetNaturalDisplayOrientation,SDL_DisplayID SDL_DisplayOrientation,Get the orientation of a display when it is unrotated.
SDL_GetNumAllocations,int,Get the number of outstanding (unfreed) allocations.
SDL_GetNumAudioDrivers,int,Use this function to get the number of built-in audio drivers.
SDL_GetNumCameraDrivers,int,Use this function to get the number of built-in camera drivers.
SDL_GetNumGPUDrivers,int,Get the number of GPU drivers compiled into SDL.
SDL_GetNumGamepadTouchpadFingers,SDL_Gamepad int,Get the number of supported simultaneous fingers on a touchpad on a game gamepad.
SDL_GetNumGamepadTouchpads,SDL_Gamepad int,Get the number of touchpads on a gamepad.
SDL_GetNumHapticAxes,SDL_Haptic int,Get the number of haptic axes the device has.
SDL_GetNumJoystickAxes,SDL_Joystick int,Get the number of general axis controls on a joystick.
SDL_GetNumJoystickBalls,SDL_Joystick int,Get the number of trackballs on a joystick.
SDL_GetNumJoystickButtons,SDL_Joystick int,Get the number of buttons on a joystick.
SDL_GetNumJoystickHats,SDL_Joystick int,Get the number of POV hats on a joystick.
SDL_GetNumLogicalCPUCores,int,Get the number of logical CPU cores available.
SDL_GetNumProperties,SDL_PropertiesID int,Get the current number of items in a group of properties.
SDL_GetNumRenderDrivers,int,Get the number of 2D rendering drivers available for the current display.
SDL_GetNumVideoDrivers,int,Get the number of video drivers compiled into SDL.
SDL_GetNumberProperty,SDL_PropertiesID char Sint64,Get a number property from a group of properties.
SDL_GetOriginalMemoryFunctions,SDL_malloc_func SDL_calloc_func SDL_realloc_func SDL_free_func,Get the original set of SDL memory functions.
SDL_GetPathInfo,char SDL_PathInfo bool,Get information about a filesystem path.
SDL_GetPerformanceCounter,Uint64,Get the current value of the high resolution counter.
SDL_GetPerformanceFrequency,Uint64,Get the count per second of the high resolution counter.
SDL_GetPixelFormatDetails,SDL_PixelFormat SDL_PixelFormatDetails,Create an SDL_PixelFormatDetails structure corresponding to a pixel format.
SDL_GetPixelFormatForMasks,int Uint32 SDL_PixelFormat,Convert a bpp value and RGBA masks to an enumerated pixel format.
SDL_GetPixelFormatFromGPUTextureFormat,SDL_GPUTextureFormat SDL_PixelFormat,Get the SDL pixel format corresponding to a GPU texture format.
SDL_GetPixelFormatName,SDL_PixelFormat char,Get the human readable name of a pixel format.
SDL_GetPointerProperty,SDL_PropertiesID char,Get a pointer property from a group of properties.
SDL_GetPowerInfo,int SDL_PowerState,Get the current power supply details.
SDL_GetPrefPath,char,Get the user-and-app-specific path where files can be written.
SDL_GetPreferredLocales,int SDL_Locale,Report the user's preferred locale.
SDL_GetPrimaryDisplay,SDL_DisplayID,Return the primary display.
SDL_GetPrimarySelectionText,char,Get UTF-8 text from the primary selection.
SDL_GetProcessInput,SDL_Process SDL_IOStream,Get the SDL_IOStream associated with process standard input.
SDL_GetProcessOutput,SDL_Process SDL_IOStream,Get the SDL_IOStream associated with process standard output.
SDL_GetProcessProperties,SDL_Process SDL_PropertiesID,Get the properties associated with a process.
SDL_GetPropertyType,SDL_PropertiesID char SDL_PropertyType,Get the type of a property in a group of properties.
SDL_GetRGB,Uint32 SDL_PixelFormatDetails SDL_Palette Uint8,Get RGB values from a pixel in the specified format.
SDL_GetRGBA,Uint32 SDL_PixelFormatDetails SDL_Palette Uint8,Get RGBA values from a pixel in the specified format.
SDL_GetRealGamepadType,SDL_Gamepad SDL_GamepadType,"Get the type of an opened gamepad, ignoring any mapping override."
SDL_GetRealGamepadTypeForID,SDL_JoystickID SDL_GamepadType,"Get the type of a gamepad, ignoring any mapping override."
SDL_GetRectAndLineIntersection,SDL_Rect int bool,Calculate the intersection of a rectangle and line segment.
SDL_GetRectAndLineIntersectionFloat,SDL_FRect float bool,Calculate the intersection of a rectangle and line segment with float precision.
SDL_GetRectEnclosingPoints,SDL_Point int SDL_Rect bool,Calculate a minimal rectangle enclosing a set of points.
SDL_GetRectEnclosingPointsFloat,SDL_FPoint int SDL_FRect bool,Calculate a minimal rectangle enclosing a set of points with float precision.
SDL_GetRectIntersection,SDL_Rect bool,Calculate the intersection of two rectangles.
SDL_GetRectIntersectionFloat,SDL_FRect bool,Calculate the intersection of two rectangles with float precision.
SDL_GetRectUnion,SDL_Rect bool,Calculate the union of two rectangles.
SDL_GetRectUnionFloat,SDL_FRect bool,Calculate the union of two rectangles with float precision.
SDL_GetRelativeMouseState,float SDL_MouseButtonFlags,Query SDL's cache for the synchronous mouse button state and accumulated mouse delta since last call.
SDL_GetRenderClipRect,SDL_Renderer SDL_Rect bool,Get the clip rectangle for the current target.
SDL_GetRenderColorScale,SDL_Renderer float bool,Get the color scale used for render operations.
SDL_GetRenderDrawBlendMode,SDL_Renderer SDL_BlendMode bool,Get the blend mode used for drawing operations.
SDL_GetRenderDrawColor,SDL_Renderer Uint8 bool,"Get the color used for drawing operations (Rect, Line and Clear)."
SDL_GetRenderDrawColorFloat,SDL_Renderer float bool,"Get the color used for drawing operations (Rect, Line and Clear)."
SDL_GetRenderDriver,int char,Use this function to get the name of a built in 2D rendering driver.
SDL_GetRenderLogicalPresentation,SDL_Renderer int SDL_RendererLogicalPresentation bool,Get device independent resolution and presentation mode for rendering.
SDL_GetRenderLogicalPresentationRect,SDL_Renderer SDL_FRect bool,Get the final presentation rectangle for rendering.
SDL_GetRenderMetalCommandEncoder,SDL_Renderer,Get the Metal command encoder for the current frame.
SDL_GetRenderMetalLayer,SDL_Renderer,Get the CAMetalLayer associated with the given Metal renderer.
SDL_GetRenderOutputSize,SDL_Renderer int bool,Get the output size in pixels of a rendering context.
SDL_GetRenderSafeArea,SDL_Renderer SDL_Rect bool,Get the safe area for rendering within the current viewport.
SDL_GetRenderScale,SDL_Renderer float bool,Get the drawing scale for the current target.
SDL_GetRenderTarget,SDL_Renderer SDL_Texture,Get the current render target.
SDL_GetRenderTextureAddressMode,SDL_Renderer SDL_TextureAddressMode bool,Get the texture addressing mode used in SDL_RenderGeometry().
SDL_GetRenderVSync,SDL_Renderer int bool,Get VSync of the given renderer.
SDL_GetRenderViewport,SDL_Renderer SDL_Rect bool,Get the drawing area for the current target.
SDL_GetRenderWindow,SDL_Renderer SDL_Window,Get the window associated with a renderer.
SDL_GetRenderer,SDL_Window SDL_Renderer,Get the renderer associated with a window.
SDL_GetRendererFromTexture,SDL_Texture SDL_Renderer,Get the renderer that created an SDL_Texture.
SDL_GetRendererName,SDL_Renderer char,Get the name of a renderer.
SDL_GetRendererProperties,SDL_Renderer SDL_PropertiesID,Get the properties associated with a renderer.
SDL_GetRevision,char,Get the code revision of the SDL library that is linked against your program.
SDL_GetSIMDAlignment,size_t,Report the alignment this system needs for SIMD allocations.
SDL_GetSandbox,SDL_Sandbox,"Get the application sandbox environment, if any."
SDL_GetScancodeFromKey,SDL_Keycode SDL_Keymod SDL_Scancode,Get the scancode corresponding to the given key code according to the current keyboard layout.
SDL_GetScancodeFromName,char SDL_Scancode,Get a scancode from a human-readable name.
SDL_GetScancodeName,SDL_Scancode char,Get a human-readable name for a scancode.
SDL_GetSemaphoreValue,SDL_Semaphore Uint32,Get the current value of a semaphore.
SDL_GetSensorData,SDL_Sensor float int bool,Get the current state of an opened sensor.
SDL_GetSensorFromID,SDL_SensorID SDL_Sensor,Return the SDL_Sensor associated with an instance ID.
SDL_GetSensorID,SDL_Sensor SDL_SensorID,Get the instance ID of a sensor.
SDL_GetSensorName,SDL_Sensor char,Get the implementation dependent name of a sensor.
SDL_GetSensorNameForID,SDL_SensorID char,Get the implementation dependent name of a sensor.
SDL_GetSensorNonPortableType,SDL_Sensor int,Get the platform dependent type of a sensor.
SDL_GetSensorNonPortableTypeForID,SDL_SensorID int,Get the platform dependent type of a sensor.
SDL_GetSensorProperties,SDL_Sensor SDL_PropertiesID,Get the properties associated with a sensor.
SDL_GetSensorType,SDL_Sensor SDL_SensorType,Get the type of a sensor.
SDL_GetSensorTypeForID,SDL_SensorID SDL_SensorType,Get the type of a sensor.
SDL_GetSensors,int SDL_SensorID,Get a list of currently connected sensors.
SDL_GetSilenceValueForFormat,SDL_AudioFormat int,Get the appropriate memset value for silencing an audio format.
SDL_GetStorageFileSize,SDL_Storage char Uint64 bool,Query the size of a file within a storage container.
SDL_GetStoragePathInfo,SDL_Storage char SDL_PathInfo bool,Get information about a filesystem path in a storage container.
SDL_GetStorageSpaceRemaining,SDL_Storage Uint64,Queries the remaining space in a storage container.
SDL_GetStringProperty,SDL_PropertiesID char,Get a string property from a group of properties.
SDL_GetSurfaceAlphaMod,SDL_Surface Uint8 bool,Get the additional alpha value used in blit operations.
SDL_GetSurfaceBlendMode,SDL_Surface SDL_BlendMode bool,Get the blend mode used for blit operations.
SDL_GetSurfaceClipRect,SDL_Surface SDL_Rect bool,Get the clipping rectangle for a surface.
SDL_GetSurfaceColorKey,SDL_Surface Uint32 bool,Get the color key (transparent pixel) for a surface.
SDL_GetSurfaceColorMod,SDL_Surface Uint8 bool,Get the additional color value multiplied into blit operations.
SDL_GetSurfaceColorspace,SDL_Surface SDL_Colorspace,Get the colorspace used by a surface.
SDL_GetSurfaceImages,SDL_Surface int,Get an array including all versions of a surface.
SDL_GetSurfacePalette,SDL_Surface SDL_Palette,Get the palette used by a surface.
SDL_GetSurfaceProperties,SDL_Surface SDL_PropertiesID,Get the properties associated with a surface.
SDL_GetSystemPageSize,int,Report the size of a page of memory.
SDL_GetSystemRAM,int,Get the amount of RAM configured in the system.
SDL_GetSystemTheme,SDL_SystemTheme,Get the current system theme.
SDL_GetTLS,SDL_TLSID,Get the current thread's value associated with a thread local storage ID.
SDL_GetTextInputArea,SDL_Window SDL_Rect int bool,Get the area used to type Unicode text input.
SDL_GetTextureAlphaMod,SDL_Texture Uint8 bool,Get the additional alpha value multiplied into render copy operations.
SDL_GetTextureAlphaModFloat,SDL_Texture float bool,Get the additional alpha value multiplied into render copy operations.
SDL_GetTextureBlendMode,SDL_Texture SDL_BlendMode bool,Get the blend mode used for texture copy operations.
SDL_GetTextureColorMod,SDL_Texture Uint8 bool,Get the additional color value multiplied into render copy operations.
SDL_GetTextureColorModFloat,SDL_Texture float bool,Get the additional color value multiplied into render copy operations.
SDL_GetTexturePalette,SDL_Texture SDL_Palette,Get the palette used by a texture.
SDL_GetTextureProperties,SDL_Texture SDL_PropertiesID,Get the properties associated with a texture.
SDL_GetTextureScaleMode,SDL_Texture SDL_ScaleMode bool,Get the scale mode used for texture scale operations.
SDL_GetTextureSize,SDL_Texture float bool,"Get the size of a texture, as floating point values."
SDL_GetThreadID,SDL_Thread SDL_ThreadID,Get the thread identifier for the specified thread.
SDL_GetThreadName,SDL_Thread char,Get the thread name as it was specified in SDL_CreateThread().
SDL_GetThreadState,SDL_Thread SDL_ThreadState,Get the current state of a thread.
SDL_GetTicks,Uint64,Get the number of milliseconds that have elapsed since the SDL library initialization.
SDL_GetTicksNS,Uint64,Get the number of nanoseconds since SDL library initialization.
SDL_GetTouchDeviceName,SDL_TouchID char,Get the touch device name as reported from the driver.
SDL_GetTouchDeviceType,SDL_TouchID SDL_TouchDeviceType,Get the type of the given touch device.
SDL_GetTouchDevices,int SDL_TouchID,Get a list of registered touch devices.
SDL_GetTouchFingers,SDL_TouchID int SDL_Finger,Get a list of active fingers for a given touch device.
SDL_GetTrayEntries,SDL_TrayMenu int SDL_TrayEntry,"Returns a list of entries in the menu, in order."
SDL_GetTrayEntryChecked,SDL_TrayEntry bool,Gets whether or not an entry is checked.
SDL_GetTrayEntryEnabled,SDL_TrayEntry bool,Gets whether or not an entry is enabled.
SDL_GetTrayEntryLabel,SDL_TrayEntry char,Gets the label of an entry.
SDL_GetTrayEntryParent,SDL_TrayEntry SDL_TrayMenu,Gets the menu containing a certain tray entry.
SDL_GetTrayMenu,SDL_Tray SDL_TrayMenu,Gets a previously created tray menu.
SDL_GetTrayMenuParentEntry,SDL_TrayMenu SDL_TrayEntry,"Gets the entry for which the menu is a submenu, if the current menu is a submenu."
SDL_GetTrayMenuParentTray,SDL_TrayMenu SDL_Tray,"Gets the tray for which this menu is the first-level menu, if the current menu isn't a submenu."
SDL_GetTraySubmenu,SDL_TrayEntry SDL_TrayMenu,Gets a previously created tray entry submenu.
SDL_GetUserFolder,SDL_Folder char,Finds the most suitable user folder for a specific purpose.
SDL_GetVersion,int,Get the version of SDL that is linked against your program.
SDL_GetVideoDriver,int char,Get the name of a built in video driver.
SDL_GetWindowAspectRatio,SDL_Window float bool,Get the aspect ratio of a window's client area.
SDL_GetWindowBordersSize,SDL_Window int bool,Get the size of a window's borders (decorations) around the client area.
SDL_GetWindowDisplayScale,SDL_Window float,Get the content display scale relative to a window's pixel size.
SDL_GetWindowFlags,SDL_Window SDL_WindowFlags,Get the window flags.
SDL_GetWindowFromEvent,SDL_Event SDL_Window,Get window associated with an event.
SDL_GetWindowFromID,SDL_WindowID SDL_Window,Get a window from a stored ID.
SDL_GetWindowFullscreenMode,SDL_Window SDL_DisplayMode,Query the display mode to use when a window is visible at fullscreen.
SDL_GetWindowICCProfile,SDL_Window size_t,Get the raw ICC profile data for the screen the window is currently on.
SDL_GetWindowID,SDL_Window SDL_WindowID,Get the numeric ID of a window.
SDL_GetWindowKeyboardGrab,SDL_Window bool,Get a window's keyboard grab mode.
SDL_GetWindowMaximumSize,SDL_Window int bool,Get the maximum size of a window's client area.
SDL_GetWindowMinimumSize,SDL_Window int bool,Get the minimum size of a window's client area.
SDL_GetWindowMouseGrab,SDL_Window bool,Get a window's mouse grab mode.
SDL_GetWindowMouseRect,SDL_Window SDL_Rect,Get the mouse confinement rectangle of a window.
SDL_GetWindowOpacity,SDL_Window float,Get the opacity of a window.
SDL_GetWindowParent,SDL_Window,Get parent of a window.
SDL_GetWindowPixelDensity,SDL_Window float,Get the pixel density of a window.
SDL_GetWindowPixelFormat,SDL_Window SDL_PixelFormat,Get the pixel format associated with the window.
SDL_GetWindowPosition,SDL_Window int bool,Get the position of a window.
SDL_GetWindowProgressState,SDL_Window SDL_ProgressState,Get the state of the progress bar for the given windowâs taskbar icon.
SDL_GetWindowProgressValue,SDL_Window float,Get the value of the progress bar for the given windowâs taskbar icon.
SDL_GetWindowProperties,SDL_Window SDL_PropertiesID,Get the properties associated with a window.
SDL_GetWindowRelativeMouseMode,SDL_Window bool,Query whether relative mouse mode is enabled for a window.
SDL_GetWindowSafeArea,SDL_Window SDL_Rect bool,Get the safe area for this window.
SDL_GetWindowSize,SDL_Window int bool,Get the size of a window's client area.
SDL_GetWindowSizeInPixels,SDL_Window int bool,"Get the size of a window's client area, in pixels."
SDL_GetWindowSurface,SDL_Window SDL_Surface,Get the SDL surface associated with the window.
SDL_GetWindowSurfaceVSync,SDL_Window int bool,Get VSync for the window surface.
SDL_GetWindowTitle,SDL_Window char,Get the title of a window.
SDL_GetWindows,int SDL_Window,Get a list of valid windows.
SDL_GlobDirectory,char SDL_GlobFlags int,"Enumerate a directory tree, filtered by pattern, and return a list."
SDL_GlobStorageDirectory,SDL_Storage char SDL_GlobFlags int,"Enumerate a directory tree, filtered by pattern, and return a list."
SDL_HapticEffectSupported,SDL_Haptic SDL_HapticEffect bool,Check to see if an effect is supported by a haptic device.
SDL_HapticRumbleSupported,SDL_Haptic bool,Check whether rumble is supported on a haptic device.
SDL_HasARMSIMD,bool,Determine whether the CPU has ARM SIMD (ARMv6) features.
SDL_HasAVX,bool,Determine whether the CPU has AVX features.
SDL_HasAVX2,bool,Determine whether the CPU has AVX2 features.
SDL_HasAVX512F,bool,Determine whether the CPU has AVX-512F (foundation) features.
SDL_HasAltiVec,bool,Determine whether the CPU has AltiVec features.
SDL_HasClipboardData,char bool,Query whether there is data in the clipboard for the provided mime type.
SDL_HasClipboardText,bool,Query whether the clipboard exists and contains a non-empty text string.
SDL_HasEvent,Uint32 bool,Check for the existence of a certain event type in the event queue.
SDL_HasEvents,Uint32 bool,Check for the existence of certain event types in the event queue.
SDL_HasExactlyOneBitSet32,Uint32 bool,Determine if a unsigned 32-bit value has exactly one bit set.
SDL_HasGamepad,bool,Return whether a gamepad is currently connected.
SDL_HasJoystick,bool,Return whether a joystick is currently connected.
SDL_HasKeyboard,bool,Return whether a keyboard is currently connected.
SDL_HasLASX,bool,Determine whether the CPU has LASX (LOONGARCH SIMD) features.
SDL_HasLSX,bool,Determine whether the CPU has LSX (LOONGARCH SIMD) features.
SDL_HasMMX,bool,Determine whether the CPU has MMX features.
SDL_HasMouse,bool,Return whether a mouse is currently connected.
SDL_HasNEON,bool,Determine whether the CPU has NEON (ARM SIMD) features.
SDL_HasPrimarySelectionText,bool,Query whether the primary selection exists and contains a non-empty text string.
SDL_HasProperty,SDL_PropertiesID char bool,Return whether a property exists in a group of properties.
SDL_HasRectIntersection,SDL_Rect bool,Determine whether two rectangles intersect.
SDL_HasRectIntersectionFloat,SDL_FRect bool,Determine whether two rectangles intersect with float precision.
SDL_HasSSE,bool,Determine whether the CPU has SSE features.
SDL_HasSSE2,bool,Determine whether the CPU has SSE2 features.
SDL_HasSSE3,bool,Determine whether the CPU has SSE3 features.
SDL_HasSSE41,bool,Determine whether the CPU has SSE4.1 features.
SDL_HasSSE42,bool,Determine whether the CPU has SSE4.2 features.
SDL_HasSVE2,bool,Determine whether the CPU has SVE2 (Scalable Vector Extension 2).
SDL_HasScreenKeyboardSupport,bool,Check whether the platform has screen keyboard support.
SDL_HideCursor,bool,Hide the cursor.
SDL_HideWindow,SDL_Window bool,Hide a window.
SDL_IOFromConstMem,size_t SDL_IOStream,Use this function to prepare a read-only memory buffer for use with SDL_IOStream.
SDL_IOFromDynamicMem,SDL_IOStream,Use this function to create an SDL_IOStream that is backed by dynamically allocated memory.
SDL_IOFromFile,char SDL_IOStream,Use this function to create a new SDL_IOStream structure for reading from and/or writing to a named file.
SDL_IOFromMem,size_t SDL_IOStream,Use this function to prepare a read-write memory buffer for use with SDL_IOStream.
SDL_IOprintf,SDL_IOStream char size_t,Print to an SDL_IOStream data stream.
SDL_IOvprintf,SDL_IOStream char va_list size_t,Print to an SDL_IOStream data stream.
SDL_Init,SDL_InitFlags bool,Initialize the SDL library.
SDL_InitHapticRumble,SDL_Haptic bool,Initialize a haptic device for simple rumble playback.
SDL_InitSubSystem,SDL_InitFlags bool,Compatibility function to initialize the SDL library.
SDL_InsertGPUDebugLabel,SDL_GPUCommandBuffer char,Inserts an arbitrary string label into the command buffer callstream.
SDL_InsertTrayEntryAt,SDL_TrayMenu int char SDL_TrayEntryFlags SDL_TrayEntry,Insert a tray entry at a given position.
SDL_IsAudioDevicePhysical,SDL_AudioDeviceID bool,Determine if an audio device is physical (instead of logical).
SDL_IsAudioDevicePlayback,SDL_AudioDeviceID bool,Determine if an audio device is a playback device (instead of recording).
SDL_IsChromebook,bool,Query if the application is running on a Chromebook.
SDL_IsDeXMode,bool,Query if the application is running on a Samsung DeX docking station.
SDL_IsGamepad,SDL_JoystickID bool,Check if the given joystick is supported by the gamepad interface.
SDL_IsJoystickHaptic,SDL_Joystick bool,Query if a joystick has haptic features.
SDL_IsJoystickVirtual,SDL_JoystickID bool,Query whether or not a joystick is virtual.
SDL_IsMainThread,bool,Return whether this is the main thread.
SDL_IsMouseHaptic,bool,Query whether or not the current mouse has haptic capabilities.
SDL_IsPhone,bool,Query if the current device is a phone.
SDL_IsTV,bool,Query if the current device is a TV.
SDL_IsTablet,bool,Query if the current device is a tablet.
SDL_IsUbuntuTouch,bool,Detect whether the current platform is Ubuntu Touch.
SDL_JoystickConnected,SDL_Joystick bool,Get the status of a specified joystick.
SDL_JoystickEventsEnabled,bool,Query the state of joystick event processing.
SDL_KillProcess,SDL_Process bool,Stop a process.
SDL_LoadBMP,char SDL_Surface,Load a BMP image from a file.
SDL_LoadBMP_IO,SDL_IOStream bool SDL_Surface,Load a BMP image from a seekable SDL data stream.
SDL_LoadFile,char size_t,Load all the data from a file path.
SDL_LoadFileAsync,char SDL_AsyncIOQueue bool,"Load all the data from a file path, asynchronously."
SDL_LoadFile_IO,SDL_IOStream size_t bool,Load all the data from an SDL data stream.
SDL_LoadFunction,SDL_SharedObject char SDL_FunctionPointer,Look up the address of the named function in a shared object.
SDL_LoadJPG,char SDL_Surface,Load a JPEG image from a file.
SDL_LoadJPG_IO,SDL_IOStream bool SDL_Surface,Load a JPEG image from a seekable SDL data stream.
SDL_LoadObject,char SDL_SharedObject,Dynamically load a shared object.
SDL_LoadPNG,char SDL_Surface,Load a PNG image from a file.
SDL_LoadPNG_IO,SDL_IOStream bool SDL_Surface,Load a PNG image from a seekable SDL data stream.
SDL_LoadSurface,char SDL_Surface,"Load a BMP, PNG or JPEG image from a file."
SDL_LoadSurface_IO,SDL_IOStream bool SDL_Surface,"Load a BMP, PNG or JPEG image from a seekable SDL data stream."
SDL_LoadWAV,char SDL_AudioSpec Uint8 Uint32 bool,Loads a WAV from a file path.
SDL_LoadWAV_IO,SDL_IOStream bool SDL_AudioSpec Uint8 Uint32,Load the audio data of a WAVE file into memory.
SDL_LockAudioStream,SDL_AudioStream bool,Lock an audio stream for serialized access.
SDL_LockJoysticks,,Locking for atomic access to the joystick API.
SDL_LockMutex,SDL_Mutex,Lock the mutex.
SDL_LockProperties,SDL_PropertiesID bool,Lock a group of properties.
SDL_LockRWLockForReading,SDL_RWLock,Lock the read/write lock for _read only_ operations.
SDL_LockRWLockForWriting,SDL_RWLock,Lock the read/write lock for _write_ operations.
SDL_LockSpinlock,SDL_SpinLock,Lock a spin lock by setting it to a non-zero value.
SDL_LockSurface,SDL_Surface bool,Set up a surface for directly accessing the pixels.
SDL_LockTexture,SDL_Texture SDL_Rect int bool,Lock a portion of the texture for **write-only** pixel access.
SDL_LockTextureToSurface,SDL_Texture SDL_Rect SDL_Surface bool,"Lock a portion of the texture for **write-only** pixel access, and expose it as a SDL surface."
SDL_Log,char,Log a message with SDL_LOG_CATEGORY_APPLICATION and SDL_LOG_PRIORITY_INFO.
SDL_LogCritical,int char,Log a message with SDL_LOG_PRIORITY_CRITICAL.
SDL_LogDebug,int char,Log a message with SDL_LOG_PRIORITY_DEBUG.
SDL_LogError,int char,Log a message with SDL_LOG_PRIORITY_ERROR.
SDL_LogInfo,int char,Log a message with SDL_LOG_PRIORITY_INFO.
SDL_LogMessage,int SDL_LogPriority char,Log a message with the specified category and priority.
SDL_LogMessageV,int SDL_LogPriority char va_list,Log a message with the specified category and priority.
SDL_LogTrace,int char,Log a message with SDL_LOG_PRIORITY_TRACE.
SDL_LogVerbose,int char,Log a message with SDL_LOG_PRIORITY_VERBOSE.
SDL_LogWarn,int char,Log a message with SDL_LOG_PRIORITY_WARN.
SDL_MapGPUTransferBuffer,SDL_GPUDevice SDL_GPUTransferBuffer bool,Maps a transfer buffer into application address space.
SDL_MapRGB,SDL_PixelFormatDetails SDL_Palette Uint8 Uint32,Map an RGB triple to an opaque pixel value for a given pixel format.
SDL_MapRGBA,SDL_PixelFormatDetails SDL_Palette Uint8 Uint32,Map an RGBA quadruple to a pixel value for a given pixel format.
SDL_MapSurfaceRGB,SDL_Surface Uint8 Uint32,Map an RGB triple to an opaque pixel value for a surface.
SDL_MapSurfaceRGBA,SDL_Surface Uint8 Uint32,Map an RGBA quadruple to a pixel value for a surface.
SDL_MaximizeWindow,SDL_Window bool,Request that the window be made as large as possible.
SDL_MemoryBarrierAcquireFunction,,Insert a memory acquire barrier (function version).
SDL_MemoryBarrierReleaseFunction,,Insert a memory release barrier (function version).
SDL_Metal_CreateView,SDL_Window SDL_MetalView,Create a CAMetalLayer-backed NSView/UIView and attach it to the specified window.
SDL_Metal_DestroyView,SDL_MetalView,Destroy an existing SDL_MetalView object.
SDL_Metal_GetLayer,SDL_MetalView,Get a pointer to the backing CAMetalLayer for the given view.
SDL_MinimizeWindow,SDL_Window bool,Request that the window be minimized to an iconic representation.
SDL_MixAudio,Uint8 SDL_AudioFormat Uint32 float bool,Mix audio data in a specified format.
SDL_MostSignificantBitIndex32,Uint32 int,Get the index of the most significant (set) bit in a 32-bit number.
SDL_OnApplicationDidChangeStatusBarOrientation,,Let iOS apps with external event handling report onApplicationDidChangeStatusBarOrientation.
SDL_OnApplicationDidEnterBackground,,Let iOS apps with external event handling report onApplicationDidEnterBackground.
SDL_OnApplicationDidEnterForeground,,Let iOS apps with external event handling report onApplicationDidBecomeActive.
SDL_OnApplicationDidReceiveMemoryWarning,,Let iOS apps with external event handling report onApplicationDidReceiveMemoryWarning.
SDL_OnApplicationWillEnterBackground,,Let iOS apps with external event handling report onApplicationWillResignActive.
SDL_OnApplicationWillEnterForeground,,Let iOS apps with external event handling report onApplicationWillEnterForeground.
SDL_OnApplicationWillTerminate,,Let iOS apps with external event handling report onApplicationWillTerminate.
SDL_OpenAudioDevice,SDL_AudioDeviceID SDL_AudioSpec,Open a specific audio device.
SDL_OpenAudioDeviceStream,SDL_AudioDeviceID SDL_AudioSpec SDL_AudioStreamCallback SDL_AudioStream,Convenience function for straightforward audio init for the common case.
SDL_OpenCamera,SDL_CameraID SDL_CameraSpec SDL_Camera,"Open a video recording device (a ""camera"")."
SDL_OpenFileStorage,char SDL_Storage,Opens up a container for local filesystem storage.
SDL_OpenGamepad,SDL_JoystickID SDL_Gamepad,Open a gamepad for use.
SDL_OpenHaptic,SDL_HapticID SDL_Haptic,Open a haptic device for use.
SDL_OpenHapticFromJoystick,SDL_Joystick SDL_Haptic,Open a haptic device for use from a joystick device.
SDL_OpenHapticFromMouse,SDL_Haptic,Try to open a haptic device from the current mouse.
SDL_OpenIO,SDL_IOStreamInterface SDL_IOStream,Create a custom SDL_IOStream.
SDL_OpenJoystick,SDL_JoystickID SDL_Joystick,Open a joystick for use.
SDL_OpenSensor,SDL_SensorID SDL_Sensor,Open a sensor for use.
SDL_OpenStorage,SDL_StorageInterface SDL_Storage,Opens up a container using a client-provided storage interface.
SDL_OpenTitleStorage,char SDL_PropertiesID SDL_Storage,Opens up a read-only container for the application's filesystem.
SDL_OpenURL,char bool,Open a URL/URI in the browser or other appropriate external application.
SDL_OpenUserStorage,char SDL_PropertiesID SDL_Storage,Opens up a container for a user's unique read/write filesystem.
SDL_OutOfMemory,bool,Set an error indicating that memory allocation failed.
SDL_PauseAudioDevice,SDL_AudioDeviceID bool,Use this function to pause audio playback on a specified device.
SDL_PauseAudioStreamDevice,SDL_AudioStream bool,Use this function to pause audio playback on the audio device associated with an audio stream.
SDL_PauseHaptic,SDL_Haptic bool,Pause a haptic device.
SDL_PeepEvents,SDL_Event int SDL_EventAction Uint32,Check the event queue for messages and optionally return them.
SDL_PlayHapticRumble,SDL_Haptic float Uint32 bool,Run a simple rumble effect on a haptic device.
SDL_PointInRect,SDL_Point SDL_Rect bool,Determine whether a point resides inside a rectangle.
SDL_PointInRectFloat,SDL_FPoint SDL_FRect bool,Determine whether a point resides inside a floating point rectangle.
SDL_PollEvent,SDL_Event bool,Poll for currently pending events.
SDL_PopGPUDebugGroup,SDL_GPUCommandBuffer,Ends the most-recently pushed debug group.
SDL_PremultiplyAlpha,int SDL_PixelFormat bool,Premultiply the alpha on a block of pixels.
SDL_PremultiplySurfaceAlpha,SDL_Surface bool,Premultiply the alpha in a surface.
SDL_PumpEvents,,"Pump the event loop, gathering events from the input devices."
SDL_PushEvent,SDL_Event bool,Add an event to the event queue.
SDL_PushGPUComputeUniformData,SDL_GPUCommandBuffer Uint32,Pushes data to a uniform slot on the command buffer.
SDL_PushGPUDebugGroup,SDL_GPUCommandBuffer char,Begins a debug group with an arbitrary name.
SDL_PushGPUFragmentUniformData,SDL_GPUCommandBuffer Uint32,Pushes data to a fragment uniform slot on the command buffer.
SDL_PushGPUVertexUniformData,SDL_GPUCommandBuffer Uint32,Pushes data to a vertex uniform slot on the command buffer.
SDL_PutAudioStreamData,SDL_AudioStream int bool,Add data to the stream.
SDL_PutAudioStreamDataNoCopy,SDL_AudioStream int SDL_AudioStreamDataCompleteCallback bool,Add external data to an audio stream without copying it.
SDL_PutAudioStreamPlanarData,SDL_AudioStream int bool,Add data to the stream with each channel in a separate array.
SDL_QueryGPUFence,SDL_GPUDevice SDL_GPUFence bool,Checks the status of a fence.
SDL_Quit,,Clean up all initialized subsystems.
SDL_QuitSubSystem,SDL_InitFlags,Shut down specific SDL subsystems.
SDL_RaiseWindow,SDL_Window bool,Request that a window be raised above other windows and gain the input focus.
SDL_ReadAsyncIO,SDL_AsyncIO Uint64 SDL_AsyncIOQueue bool,Start an async read.
SDL_ReadIO,SDL_IOStream size_t,Read from a data source.
SDL_ReadProcess,SDL_Process size_t int,Read all the output from a process.
SDL_ReadS16BE,SDL_IOStream Sint16 bool,Use this function to read 16 bits of big-endian data from an SDL_IOStream and return in native format.
SDL_ReadS16LE,SDL_IOStream Sint16 bool,Use this function to read 16 bits of little-endian data from an SDL_IOStream and return in native format.
SDL_ReadS32BE,SDL_IOStream Sint32 bool,Use this function to read 32 bits of big-endian data from an SDL_IOStream and return in native format.
SDL_ReadS32LE,SDL_IOStream Sint32 bool,Use this function to read 32 bits of little-endian data from an SDL_IOStream and return in native format.
SDL_ReadS64BE,SDL_IOStream Sint64 bool,Use this function to read 64 bits of big-endian data from an SDL_IOStream and return in native format.
SDL_ReadS64LE,SDL_IOStream Sint64 bool,Use this function to read 64 bits of little-endian data from an SDL_IOStream and return in native format.
SDL_ReadS8,SDL_IOStream Sint8 bool,Use this function to read a signed byte from an SDL_IOStream.
SDL_ReadStorageFile,SDL_Storage char Uint64 bool,Synchronously read a file from a storage container into a client-provided buffer.
SDL_ReadSurfacePixel,SDL_Surface int Uint8 bool,Retrieves a single pixel from a surface as RGBA in the sRGB colorspace.
SDL_ReadSurfacePixelFloat,SDL_Surface int float bool,Retrieves a single pixel from a surface as RGBA in the sRGB colorspace.
SDL_ReadU16BE,SDL_IOStream Uint16 bool,Use this function to read 16 bits of big-endian data from an SDL_IOStream and return in native format.
SDL_ReadU16LE,SDL_IOStream Uint16 bool,Use this function to read 16 bits of little-endian data from an SDL_IOStream and return in native format.
SDL_ReadU32BE,SDL_IOStream Uint32 bool,Use this function to read 32 bits of big-endian data from an SDL_IOStream and return in native format.
SDL_ReadU32LE,SDL_IOStream Uint32 bool,Use this function to read 32 bits of little-endian data from an SDL_IOStream and return in native format.
SDL_ReadU64BE,SDL_IOStream Uint64 bool,Use this function to read 64 bits of big-endian data from an SDL_IOStream and return in native format.
SDL_ReadU64LE,SDL_IOStream Uint64 bool,Use this function to read 64 bits of little-endian data from an SDL_IOStream and return in native format.
SDL_ReadU8,SDL_IOStream Uint8 bool,Use this function to read a byte from an SDL_IOStream.
SDL_RectEmpty,SDL_Rect bool,Determine whether a rectangle has no area.
SDL_RectEmptyFloat,SDL_FRect bool,Determine whether a floating point rectangle takes no space.
SDL_RectToFRect,SDL_Rect SDL_FRect,Convert an SDL_Rect to SDL_FRect
SDL_RectsEqual,SDL_Rect bool,Determine whether two rectangles are equal.
SDL_RectsEqualEpsilon,SDL_FRect float bool,"Determine whether two floating point rectangles are equal, within some given epsilon."
SDL_RectsEqualFloat,SDL_FRect bool,"Determine whether two floating point rectangles are equal, within a default epsilon."
SDL_RegisterEvents,int Uint32,"Allocate a set of user-defined events, and return the beginning event number for that set of events."
SDL_ReleaseCameraFrame,SDL_Camera SDL_Surface,Release a frame of video acquired from a camera.
SDL_ReleaseGPUBuffer,SDL_GPUDevice SDL_GPUBuffer,Frees the given buffer as soon as it is safe to do so.
SDL_ReleaseGPUComputePipeline,SDL_GPUDevice SDL_GPUComputePipeline,Frees the given compute pipeline as soon as it is safe to do so.
SDL_ReleaseGPUFence,SDL_GPUDevice SDL_GPUFence,Releases a fence obtained from SDL_SubmitGPUCommandBufferAndAcquireFence.
SDL_ReleaseGPUGraphicsPipeline,SDL_GPUDevice SDL_GPUGraphicsPipeline,Frees the given graphics pipeline as soon as it is safe to do so.
SDL_ReleaseGPUSampler,SDL_GPUDevice SDL_GPUSampler,Frees the given sampler as soon as it is safe to do so.
SDL_ReleaseGPUShader,SDL_GPUDevice SDL_GPUShader,Frees the given shader as soon as it is safe to do so.
SDL_ReleaseGPUTexture,SDL_GPUDevice SDL_GPUTexture,Frees the given texture as soon as it is safe to do so.
SDL_ReleaseGPUTransferBuffer,SDL_GPUDevice SDL_GPUTransferBuffer,Frees the given transfer buffer as soon as it is safe to do so.
SDL_ReleaseWindowFromGPUDevice,SDL_GPUDevice SDL_Window,"Unclaims a window, destroying its swapchain structure."
SDL_ReloadGamepadMappings,bool,Reinitialize the SDL mapping database to its initial state.
SDL_RemoveEventWatch,SDL_EventFilter,Remove an event watch callback added with SDL_AddEventWatch().
SDL_RemoveHintCallback,char SDL_HintCallback,Remove a function watching a particular hint.
SDL_RemoveNotification,SDL_NotificationID bool,Remove a notification.
SDL_RemovePath,char bool,Remove a file or an empty directory.
SDL_RemoveStoragePath,SDL_Storage char bool,Remove a file or an empty directory in a writable storage container.
SDL_RemoveSurfaceAlternateImages,SDL_Surface,Remove all alternate versions of a surface.
SDL_RemoveTimer,SDL_TimerID bool,Remove a timer created with SDL_AddTimer().
SDL_RemoveTrayEntry,SDL_TrayEntry,Removes a tray entry.
SDL_RenamePath,char bool,Rename a file or directory.
SDL_RenameStoragePath,SDL_Storage char bool,Rename a file or directory in a writable storage container.
SDL_RenderClear,SDL_Renderer bool,Clear the current rendering target with the drawing color.
SDL_RenderClipEnabled,SDL_Renderer bool,Get whether clipping is enabled on the given render target.
SDL_RenderCoordinatesFromWindow,SDL_Renderer float bool,Get a point in render coordinates when given a point in window coordinates.
SDL_RenderCoordinatesToWindow,SDL_Renderer float bool,Get a point in window coordinates when given a point in render coordinates.
SDL_RenderDebugText,SDL_Renderer float char bool,Draw debug text to an SDL_Renderer.
SDL_RenderDebugTextFormat,SDL_Renderer float char bool,Draw debug text to an SDL_Renderer.
SDL_RenderFillRect,SDL_Renderer SDL_FRect bool,Fill a rectangle on the current rendering target with the drawing color at subpixel precision.
SDL_RenderFillRects,SDL_Renderer SDL_FRect int bool,Fill some number of rectangles on the current rendering target with the drawing color at subpixel precision.
SDL_RenderGeometry,SDL_Renderer SDL_Texture SDL_Vertex int bool,"Render a list of triangles, optionally using a texture and indices into the vertex array."
SDL_RenderGeometryRaw,SDL_Renderer SDL_Texture float int SDL_FColor bool,"Render a list of triangles, optionally using a texture and indices into the vertex arrays."
SDL_RenderLine,SDL_Renderer float bool,Draw a line on the current rendering target at subpixel precision.
SDL_RenderLines,SDL_Renderer SDL_FPoint int bool,Draw a series of connected lines on the current rendering target at subpixel precision.
SDL_RenderPoint,SDL_Renderer float bool,Draw a point on the current rendering target at subpixel precision.
SDL_RenderPoints,SDL_Renderer SDL_FPoint int bool,Draw multiple points on the current rendering target at subpixel precision.
SDL_RenderPresent,SDL_Renderer bool,Update the screen with any rendering performed since the previous call.
SDL_RenderReadPixels,SDL_Renderer SDL_Rect SDL_Surface,Read pixels from the current rendering target.
SDL_RenderRect,SDL_Renderer SDL_FRect bool,Draw a rectangle on the current rendering target at subpixel precision.
SDL_RenderRects,SDL_Renderer SDL_FRect int bool,Draw some number of rectangles on the current rendering target at subpixel precision.
SDL_RenderTexture,SDL_Renderer SDL_Texture SDL_FRect bool,Copy a portion of the texture to the current rendering target at subpixel precision.
SDL_RenderTexture9Grid,SDL_Renderer SDL_Texture SDL_FRect float bool,Perform a scaled copy using the 9-grid algorithm to the current rendering target at subpixel precision.
SDL_RenderTexture9GridTiled,SDL_Renderer SDL_Texture SDL_FRect float bool,Perform a scaled copy using the 9-grid algorithm to the current rendering target at subpixel precision.
SDL_RenderTextureAffine,SDL_Renderer SDL_Texture SDL_FRect SDL_FPoint bool,"Copy a portion of the source texture to the current rendering target, with affine transform, at subpixel precision."
SDL_RenderTextureRotated,SDL_Renderer SDL_Texture SDL_FRect double SDL_FPoint SDL_FlipMode bool,"Copy a portion of the source texture to the current rendering target, with rotation and flipping, at subpixel precision."
SDL_RenderTextureTiled,SDL_Renderer SDL_Texture SDL_FRect float bool,Tile a portion of the texture to the current rendering target at subpixel precision.
SDL_RenderViewportSet,SDL_Renderer bool,Return whether an explicit rectangle was set as the viewport.
SDL_ReportAssertion,SDL_AssertData char int SDL_AssertState,Never call this directly.
SDL_RequestAndroidPermission,char SDL_RequestAndroidPermissionCallback bool,"Request permissions at runtime, asynchronously."
SDL_RequestNotificationPermission,bool,Requests permission from the system to display notifications.
SDL_ResetAssertionReport,,Clear the list of all assertion failures.
SDL_ResetHint,char bool,Reset a hint to the default value.
SDL_ResetHints,,Reset all hints to the default values.
SDL_ResetKeyboard,,Clear the state of the keyboard.
SDL_ResetLogPriorities,,Reset all priorities to default.
SDL_RestoreWindow,SDL_Window bool,Request that the size and position of a minimized or maximized window be restored.
SDL_ResumeAudioDevice,SDL_AudioDeviceID bool,Use this function to unpause audio playback on a specified device.
SDL_ResumeAudioStreamDevice,SDL_AudioStream bool,Use this function to unpause audio playback on the audio device associated with an audio stream.
SDL_ResumeHaptic,SDL_Haptic bool,Resume a haptic device.
SDL_RotateSurface,SDL_Surface float,Return a copy of a surface rotated clockwise a number of degrees.
SDL_RumbleGamepad,SDL_Gamepad Uint16 Uint32 bool,Start a rumble effect on a gamepad.
SDL_RumbleGamepadTriggers,SDL_Gamepad Uint16 Uint32 bool,Start a rumble effect in the gamepad's triggers.
SDL_RumbleJoystick,SDL_Joystick Uint16 Uint32 bool,Start a rumble effect.
SDL_RumbleJoystickTriggers,SDL_Joystick Uint16 Uint32 bool,Start a rumble effect in the joystick's triggers.
SDL_RunHapticEffect,SDL_Haptic SDL_HapticEffectID Uint32 bool,Run the haptic effect on its associated haptic device.
SDL_RunOnMainThread,SDL_MainThreadCallback bool,Call a function on the main thread during event processing.
SDL_SaveBMP,SDL_Surface char bool,Save a surface to a file in BMP format.
SDL_SaveBMP_IO,SDL_Surface SDL_IOStream bool,Save a surface to a seekable SDL data stream in BMP format.
SDL_SaveFile,char size_t bool,Save all the data into a file path.
SDL_SaveFile_IO,SDL_IOStream size_t bool,Save all the data into an SDL data stream.
SDL_SavePNG,SDL_Surface char bool,Save a surface to a file in PNG format.
SDL_SavePNG_IO,SDL_Surface SDL_IOStream bool,Save a surface to a seekable SDL data stream in PNG format.
SDL_ScaleSurface,SDL_Surface int SDL_ScaleMode,"Creates a new surface identical to the existing surface, scaled to the desired size."
SDL_ScreenKeyboardShown,SDL_Window bool,Check whether the screen keyboard is shown for given window.
SDL_ScreenSaverEnabled,bool,Check whether the screensaver is currently enabled.
SDL_SeekIO,SDL_IOStream Sint64 SDL_IOWhence,Seek within an SDL_IOStream data stream.
SDL_SendAndroidBackButton,,Trigger the Android system back button behavior.
SDL_SendAndroidMessage,Uint32 int bool,Send a user command to SDLActivity.
SDL_SendGamepadEffect,SDL_Gamepad int bool,Send a gamepad specific effect packet.
SDL_SendJoystickEffect,SDL_Joystick int bool,Send a joystick specific effect packet.
SDL_SendJoystickVirtualSensorData,SDL_Joystick SDL_SensorType Uint64 float int bool,Send a sensor update for an opened virtual joystick.
SDL_SetAppMetadata,char bool,Specify basic metadata about your app.
SDL_SetAppMetadataProperty,char bool,Specify metadata about your app through a set of properties.
SDL_SetAssertionHandler,SDL_AssertionHandler,Set an application-defined assertion handler.
SDL_SetAtomicInt,SDL_AtomicInt int,Set an atomic variable to a value.
SDL_SetAtomicPointer,,Set a pointer to a value atomically.
SDL_SetAtomicU32,SDL_AtomicU32 Uint32,Set an atomic variable to a value.
SDL_SetAudioDeviceGain,SDL_AudioDeviceID float bool,Change the gain of an audio device.
SDL_SetAudioPostmixCallback,SDL_AudioDeviceID SDL_AudioPostmixCallback bool,Set a callback that fires when data is about to be fed to an audio device.
SDL_SetAudioStreamFormat,SDL_AudioStream SDL_AudioSpec bool,Change the input and output formats of an audio stream.
SDL_SetAudioStreamFrequencyRatio,SDL_AudioStream float bool,Change the frequency ratio of an audio stream.
SDL_SetAudioStreamGain,SDL_AudioStream float bool,Change the gain of an audio stream.
SDL_SetAudioStreamGetCallback,SDL_AudioStream SDL_AudioStreamCallback bool,Set a callback that runs when data is requested from an audio stream.
SDL_SetAudioStreamInputChannelMap,SDL_AudioStream int bool,Set the current input channel map of an audio stream.
SDL_SetAudioStreamOutputChannelMap,SDL_AudioStream int bool,Set the current output channel map of an audio stream.
SDL_SetAudioStreamPutCallback,SDL_AudioStream SDL_AudioStreamCallback bool,Set a callback that runs when data is added to an audio stream.
SDL_SetBooleanProperty,SDL_PropertiesID char bool,Set a boolean property in a group of properties.
SDL_SetClipboardData,SDL_ClipboardDataCallback SDL_ClipboardCleanupCallback char size_t bool,Offer clipboard data to the OS.
SDL_SetClipboardText,char bool,Put UTF-8 text into the clipboard.
SDL_SetCurrentThreadPriority,SDL_ThreadPriority bool,Set the priority for the current thread.
SDL_SetCursor,SDL_Cursor bool,Set the active cursor.
SDL_SetDefaultTextureScaleMode,SDL_Renderer SDL_ScaleMode bool,Set default scale mode for new textures for given renderer.
SDL_SetEnvironmentVariable,SDL_Environment char bool,Set the value of a variable in the environment.
SDL_SetError,char bool,Set the SDL error message for the current thread.
SDL_SetErrorV,char va_list bool,Set the SDL error message for the current thread.
SDL_SetEventEnabled,Uint32 bool,Set the state of processing events by type.
SDL_SetEventFilter,SDL_EventFilter,Set up a filter to process all events before they are added to the internal event queue.
SDL_SetFloatProperty,SDL_PropertiesID char float bool,Set a floating point property in a group of properties.
SDL_SetGPUAllowedFramesInFlight,SDL_GPUDevice Uint32 bool,Configures the maximum allowed number of frames in flight.
SDL_SetGPUBlendConstants,SDL_GPURenderPass SDL_FColor,Sets the current blend constants on a command buffer.
SDL_SetGPUBufferName,SDL_GPUDevice SDL_GPUBuffer char,Sets an arbitrary string constant to label a buffer.
SDL_SetGPURenderState,SDL_Renderer SDL_GPURenderState bool,Set custom GPU render state.
SDL_SetGPURenderStateFragmentUniforms,SDL_GPURenderState Uint32 bool,Set fragment shader uniform variables in a custom GPU render state.
SDL_SetGPURenderStateSamplerBindings,SDL_GPURenderState int SDL_GPUTextureSamplerBinding bool,Set sampler bindings variables in a custom GPU render state.
SDL_SetGPURenderStateStorageBuffers,SDL_GPURenderState int SDL_GPUBuffer bool,Set storage buffers variables in a custom GPU render state.
SDL_SetGPURenderStateStorageTextures,SDL_GPURenderState int SDL_GPUTexture bool,Set storage textures variables in a custom GPU render state.
SDL_SetGPUScissor,SDL_GPURenderPass SDL_Rect,Sets the current scissor state on a command buffer.
SDL_SetGPUStencilReference,SDL_GPURenderPass Uint8,Sets the current stencil reference value on a command buffer.
SDL_SetGPUSwapchainParameters,SDL_GPUDevice SDL_Window SDL_GPUSwapchainComposition SDL_GPUPresentMode bool,Changes the swapchain parameters for the given claimed window.
SDL_SetGPUTextureName,SDL_GPUDevice SDL_GPUTexture char,Sets an arbitrary string constant to label a texture.
SDL_SetGPUViewport,SDL_GPURenderPass SDL_GPUViewport,Sets the current viewport state on a command buffer.
SDL_SetGamepadEventsEnabled,bool,Set the state of gamepad event processing.
SDL_SetGamepadLED,SDL_Gamepad Uint8 bool,Update a gamepad's LED color.
SDL_SetGamepadMapping,SDL_JoystickID char bool,Set the current mapping of a joystick or gamepad.
SDL_SetGamepadPlayerIndex,SDL_Gamepad int bool,Set the player index of an opened gamepad.
SDL_SetGamepadSensorEnabled,SDL_Gamepad SDL_SensorType bool,Set whether data reporting for a gamepad sensor is enabled.
SDL_SetHapticAutocenter,SDL_Haptic int bool,Set the global autocenter of the device.
SDL_SetHapticGain,SDL_Haptic int bool,Set the global gain of the specified haptic device.
SDL_SetHint,char bool,Set a hint with normal priority.
SDL_SetHintWithPriority,char SDL_HintPriority bool,Set a hint with a specific priority.
SDL_SetInitialized,SDL_InitState bool,Finish an initialization state transition.
SDL_SetJoystickEventsEnabled,bool,Set the state of joystick event processing.
SDL_SetJoystickLED,SDL_Joystick Uint8 bool,Update a joystick's LED color.
SDL_SetJoystickPlayerIndex,SDL_Joystick int bool,Set the player index of an opened joystick.
SDL_SetJoystickVirtualAxis,SDL_Joystick int Sint16 bool,Set the state of an axis on an opened virtual joystick.
SDL_SetJoystickVirtualBall,SDL_Joystick int Sint16 bool,Generate ball motion on an opened virtual joystick.
SDL_SetJoystickVirtualButton,SDL_Joystick int bool,Set the state of a button on an opened virtual joystick.
SDL_SetJoystickVirtualHat,SDL_Joystick int Uint8 bool,Set the state of a hat on an opened virtual joystick.
SDL_SetJoystickVirtualTouchpad,SDL_Joystick int bool float,Set touchpad finger state on an opened virtual joystick.
SDL_SetLinuxThreadPriority,Sint64 int bool,Sets the UNIX nice value for a thread.
SDL_SetLinuxThreadPriorityAndPolicy,Sint64 int bool,Sets the priority (not nice level) and scheduling policy for a thread.
SDL_SetLogOutputFunction,SDL_LogOutputFunction,Replace the default log output function with one of your own.
SDL_SetLogPriorities,SDL_LogPriority,Set the priority of all log categories.
SDL_SetLogPriority,int SDL_LogPriority,Set the priority of a particular log category.
SDL_SetLogPriorityPrefix,SDL_LogPriority char bool,Set the text prepended to log messages of a given priority.
SDL_SetMemoryFunctions,SDL_malloc_func SDL_calloc_func SDL_realloc_func SDL_free_func bool,Replace SDL's memory allocation functions with a custom set.
SDL_SetModState,SDL_Keymod,Set the current key modifier state for the keyboard.
SDL_SetNumberProperty,SDL_PropertiesID char Sint64 bool,Set an integer property in a group of properties.
SDL_SetPaletteColors,SDL_Palette SDL_Color int bool,Set a range of colors in a palette.
SDL_SetPointerProperty,SDL_PropertiesID char bool,Set a pointer property in a group of properties.
SDL_SetPointerPropertyWithCleanup,SDL_PropertiesID char SDL_CleanupPropertyCallback bool,Set a pointer property in a group of properties with a cleanup function that is called when the property is deleted.
SDL_SetPrimarySelectionText,char bool,Put UTF-8 text into the primary selection.
SDL_SetRelativeMouseTransform,SDL_MouseMotionTransformCallback bool,Set a user-defined function by which to transform relative mouse inputs.
SDL_SetRenderClipRect,SDL_Renderer SDL_Rect bool,Set the clip rectangle for rendering on the specified target.
SDL_SetRenderColorScale,SDL_Renderer float bool,Set the color scale used for render operations.
SDL_SetRenderDrawBlendMode,SDL_Renderer SDL_BlendMode bool,Set the blend mode used for drawing operations.
SDL_SetRenderDrawColor,SDL_Renderer Uint8 bool,Set the color used for drawing operations.
SDL_SetRenderDrawColorFloat,SDL_Renderer float bool,"Set the color used for drawing operations (Rect, Line and Clear)."
SDL_SetRenderLogicalPresentation,SDL_Renderer int SDL_RendererLogicalPresentation bool,Set a device-independent resolution and presentation mode for rendering.
SDL_SetRenderScale,SDL_Renderer float bool,Set the drawing scale for rendering on the current target.
SDL_SetRenderTarget,SDL_Renderer SDL_Texture bool,Set a texture as the current rendering target.
SDL_SetRenderTextureAddressMode,SDL_Renderer SDL_TextureAddressMode bool,Set the texture addressing mode used in SDL_RenderGeometry().
SDL_SetRenderVSync,SDL_Renderer int bool,Toggle VSync of the given renderer.
SDL_SetRenderViewport,SDL_Renderer SDL_Rect bool,Set the drawing area for rendering on the current target.
SDL_SetScancodeName,SDL_Scancode char bool,Set a human-readable name for a scancode.
SDL_SetStringProperty,SDL_PropertiesID char bool,Set a string property in a group of properties.
SDL_SetSurfaceAlphaMod,SDL_Surface Uint8 bool,Set an additional alpha value used in blit operations.
SDL_SetSurfaceBlendMode,SDL_Surface SDL_BlendMode bool,Set the blend mode used for blit operations.
SDL_SetSurfaceClipRect,SDL_Surface SDL_Rect bool,Set the clipping rectangle for a surface.
SDL_SetSurfaceColorKey,SDL_Surface bool Uint32,Set the color key (transparent pixel) in a surface.
SDL_SetSurfaceColorMod,SDL_Surface Uint8 bool,Set an additional color value multiplied into blit operations.
SDL_SetSurfaceColorspace,SDL_Surface SDL_Colorspace bool,Set the colorspace used by a surface.
SDL_SetSurfacePalette,SDL_Surface SDL_Palette bool,Set the palette used by a surface.
SDL_SetSurfaceRLE,SDL_Surface bool,Set the RLE acceleration hint for a surface.
SDL_SetTLS,SDL_TLSID SDL_TLSDestructorCallback bool,Set the current thread's value associated with a thread local storage ID.
SDL_SetTextInputArea,SDL_Window SDL_Rect int bool,Set the area used to type Unicode text input.
SDL_SetTextureAlphaMod,SDL_Texture Uint8 bool,Set an additional alpha value multiplied into render copy operations.
SDL_SetTextureAlphaModFloat,SDL_Texture float bool,Set an additional alpha value multiplied into render copy operations.
SDL_SetTextureBlendMode,SDL_Texture SDL_BlendMode bool,"Set the blend mode for a texture, used by SDL_RenderTexture()."
SDL_SetTextureColorMod,SDL_Texture Uint8 bool,Set an additional color value multiplied into render copy operations.
SDL_SetTextureColorModFloat,SDL_Texture float bool,Set an additional color value multiplied into render copy operations.
SDL_SetTexturePalette,SDL_Texture SDL_Palette bool,Set the palette used by a texture.
SDL_SetTextureScaleMode,SDL_Texture SDL_ScaleMode bool,Set the scale mode used for texture scale operations.
SDL_SetTrayEntryCallback,SDL_TrayEntry SDL_TrayCallback,Sets a callback to be invoked when the entry is selected.
SDL_SetTrayEntryChecked,SDL_TrayEntry bool,Sets whether or not an entry is checked.
SDL_SetTrayEntryEnabled,SDL_TrayEntry bool,Sets whether or not an entry is enabled.
SDL_SetTrayEntryLabel,SDL_TrayEntry char,Sets the label of an entry.
SDL_SetTrayIcon,SDL_Tray SDL_Surface,Updates the system tray icon's icon.
SDL_SetTrayTooltip,SDL_Tray char,Updates the system tray icon's tooltip.
SDL_SetWindowAlwaysOnTop,SDL_Window bool,Set the window to always be above the others.
SDL_SetWindowAspectRatio,SDL_Window float bool,Request that the aspect ratio of a window's client area be set.
SDL_SetWindowBordered,SDL_Window bool,Set the border state of a window.
SDL_SetWindowFillDocument,SDL_Window bool,Set the window to fill the current document space (Emscripten only).
SDL_SetWindowFocusable,SDL_Window bool,Set whether the window may have input focus.
SDL_SetWindowFullscreen,SDL_Window bool,Request that the window's fullscreen state be changed.
SDL_SetWindowFullscreenMode,SDL_Window SDL_DisplayMode bool,Set the display mode to use when a window is visible and fullscreen.
SDL_SetWindowHitTest,SDL_Window SDL_HitTest bool,Provide a callback that decides if a window region has special properties.
SDL_SetWindowIcon,SDL_Window SDL_Surface bool,Set the icon for a window.
SDL_SetWindowKeyboardGrab,SDL_Window bool,Set a window's keyboard grab mode.
SDL_SetWindowMaximumSize,SDL_Window int bool,Set the maximum size of a window's client area.
SDL_SetWindowMinimumSize,SDL_Window int bool,Set the minimum size of a window's client area.
SDL_SetWindowModal,SDL_Window bool,Toggle the state of the window as modal.
SDL_SetWindowMouseGrab,SDL_Window bool,Set a window's mouse grab mode.
SDL_SetWindowMouseRect,SDL_Window SDL_Rect bool,Confines the cursor to the specified area of a window.
SDL_SetWindowOpacity,SDL_Window float bool,Set the opacity for a window.
SDL_SetWindowParent,SDL_Window bool,Set the window as a child of a parent window.
SDL_SetWindowPosition,SDL_Window int bool,Request that the window's position be set.
SDL_SetWindowProgressState,SDL_Window SDL_ProgressState bool,Sets the state of the progress bar for the given windowâs taskbar icon.
SDL_SetWindowProgressValue,SDL_Window float bool,Sets the value of the progress bar for the given windowâs taskbar icon.
SDL_SetWindowRelativeMouseMode,SDL_Window bool,Set relative mouse mode for a window.
SDL_SetWindowResizable,SDL_Window bool,Set the user-resizable state of a window.
SDL_SetWindowShape,SDL_Window SDL_Surface bool,Set the shape of a transparent window.
SDL_SetWindowSize,SDL_Window int bool,Request that the size of a window's client area be set.
SDL_SetWindowSurfaceVSync,SDL_Window int bool,Toggle VSync for the window surface.
SDL_SetWindowTitle,SDL_Window char bool,Set the title of a window.
SDL_SetWindowsMessageHook,SDL_WindowsMessageHook,"Set a callback for every Windows message, run before TranslateMessage()."
SDL_SetX11EventHook,SDL_X11EventHook,Set a callback for every X11 event.
SDL_SetiOSAnimationCallback,SDL_Window int SDL_iOSAnimationCallback bool,Use this function to set the animation callback on Apple iOS.
SDL_SetiOSEventPump,bool,Use this function to enable or disable the SDL event pump on Apple iOS.
SDL_ShouldInit,SDL_InitState bool,Return whether initialization should be done.
SDL_ShouldQuit,SDL_InitState bool,Return whether cleanup should be done.
SDL_ShowAndroidToast,char int bool,Shows an Android toast notification.
SDL_ShowCursor,bool,Show the cursor.
SDL_ShowFileDialogWithProperties,SDL_FileDialogType SDL_DialogFileCallback SDL_PropertiesID,Create and launch a file dialog with the specified properties.
SDL_ShowMessageBox,SDL_MessageBoxData int bool,Create a modal message box.
SDL_ShowNotification,char SDL_Surface SDL_NotificationAction int SDL_NotificationID,Show a system notification with normal priority.
SDL_ShowNotificationWithProperties,SDL_PropertiesID SDL_NotificationID,Show a system notification.
SDL_ShowOpenFileDialog,SDL_DialogFileCallback SDL_Window SDL_DialogFileFilter int char bool,Displays a dialog that lets the user select a file on their filesystem.
SDL_ShowOpenFolderDialog,SDL_DialogFileCallback SDL_Window char bool,Displays a dialog that lets the user select a folder on their filesystem.
SDL_ShowSaveFileDialog,SDL_DialogFileCallback SDL_Window SDL_DialogFileFilter int char,Displays a dialog that lets the user choose a new or existing file on their filesystem.
SDL_ShowSimpleMessageBox,SDL_MessageBoxFlags char SDL_Window bool,Display a simple modal message box.
SDL_ShowWindow,SDL_Window bool,Show a window.
SDL_ShowWindowSystemMenu,SDL_Window int bool,Display the system-level window menu.
SDL_SignalAsyncIOQueue,SDL_AsyncIOQueue,Wake up any threads that are blocking in SDL_WaitAsyncIOResult().
SDL_SignalCondition,SDL_Condition,Restart one of the threads that are waiting on the condition variable.
SDL_SignalSemaphore,SDL_Semaphore,Atomically increment a semaphore's value and wake waiting threads.
SDL_StartTextInput,SDL_Window bool,Start accepting Unicode text input events in a window.
SDL_StartTextInputWithProperties,SDL_Window SDL_PropertiesID bool,"Start accepting Unicode text input events in a window, with properties describing the input."
SDL_StepBackUTF8,char Uint32,"Decode a UTF-8 string in reverse, one Unicode codepoint at a time."
SDL_StepUTF8,char size_t Uint32,"Decode a UTF-8 string, one Unicode codepoint at a time."
SDL_StopHapticEffect,SDL_Haptic SDL_HapticEffectID bool,Stop the haptic effect on its associated haptic device.
SDL_StopHapticEffects,SDL_Haptic bool,Stop all the currently playing effects on a haptic device.
SDL_StopHapticRumble,SDL_Haptic bool,Stop the simple rumble on a haptic device.
SDL_StopTextInput,SDL_Window bool,Stop receiving any text input events in a window.
SDL_StorageReady,SDL_Storage bool,Checks if the storage container is ready to use.
SDL_StretchSurface,SDL_Surface SDL_Rect SDL_ScaleMode bool,Perform a stretched pixel copy from one surface to another.
SDL_StringToGUID,char SDL_GUID,Convert a GUID string into a SDL_GUID structure.
SDL_SubmitGPUCommandBuffer,SDL_GPUCommandBuffer bool,Submits a command buffer so its commands can be processed on the GPU.
SDL_SubmitGPUCommandBufferAndAcquireFence,SDL_GPUCommandBuffer SDL_GPUFence,"Submits a command buffer so its commands can be processed on the GPU, and acquires a fence associated with the command buffer."
SDL_SurfaceHasAlternateImages,SDL_Surface bool,Return whether a surface has alternate versions available.
SDL_SurfaceHasColorKey,SDL_Surface bool,Returns whether the surface has a color key.
SDL_SurfaceHasRLE,SDL_Surface bool,Returns whether the surface is RLE enabled.
SDL_Swap16,Uint16,Byte-swap an unsigned 16-bit number.
SDL_Swap32,Uint32,Byte-swap an unsigned 32-bit number.
SDL_Swap64,Uint64,Byte-swap an unsigned 64-bit number.
SDL_SwapFloat,float,Byte-swap a floating point number.
SDL_SyncWindow,SDL_Window bool,Block until any pending window state is finalized.
SDL_TellIO,SDL_IOStream Sint64,Determine the current read/write offset in an SDL_IOStream data stream.
SDL_TextInputActive,SDL_Window bool,Check whether or not Unicode text input events are enabled for a window.
SDL_TimeFromWindows,Uint32 SDL_Time,"Converts a Windows FILETIME (100-nanosecond intervals since January 1, 1601) to an SDL time."
SDL_TimeToDateTime,SDL_Time SDL_DateTime bool,Converts an SDL_Time in nanoseconds since the epoch to a calendar time in the SDL_DateTime format.
SDL_TimeToWindows,SDL_Time Uint32,"Converts an SDL time into a Windows FILETIME (100-nanosecond intervals since January 1, 1601)."
SDL_TryLockJoysticks,bool,Locking for atomic access to the joystick API.
SDL_TryLockMutex,SDL_Mutex bool,Try to lock a mutex without blocking.
SDL_TryLockRWLockForReading,SDL_RWLock bool,Try to lock a read/write lock _for reading_ without blocking.
SDL_TryLockRWLockForWriting,SDL_RWLock bool,Try to lock a read/write lock _for writing_ without blocking.
SDL_TryLockSpinlock,SDL_SpinLock bool,Try to lock a spin lock by setting it to a non-zero value.
SDL_TryWaitSemaphore,SDL_Semaphore bool,See if a semaphore has a positive value and decrement it if it does.
SDL_UCS4ToUTF8,Uint32 char,Convert a single Unicode codepoint to UTF-8.
SDL_UnbindAudioStream,SDL_AudioStream,Unbind a single audio stream from its audio device.
SDL_UnbindAudioStreams,SDL_AudioStream int,Unbind a list of audio streams from their audio devices.
SDL_UnloadObject,SDL_SharedObject,Unload a shared object from memory.
SDL_UnlockAudioStream,SDL_AudioStream bool,Unlock an audio stream for serialized access.
SDL_UnlockJoysticks,,Unlocking for atomic access to the joystick API.
SDL_UnlockMutex,SDL_Mutex,Unlock the mutex.
SDL_UnlockProperties,SDL_PropertiesID,Unlock a group of properties.
SDL_UnlockRWLock,SDL_RWLock,Unlock the read/write lock.
SDL_UnlockSpinlock,SDL_SpinLock,Unlock a spin lock by setting it to 0.
SDL_UnlockSurface,SDL_Surface,Release a surface after directly accessing the pixels.
SDL_UnlockTexture,SDL_Texture,"Unlock a texture, uploading the changes to video memory, if needed."
SDL_UnmapGPUTransferBuffer,SDL_GPUDevice SDL_GPUTransferBuffer,Unmaps a previously mapped transfer buffer.
SDL_UnsetEnvironmentVariable,SDL_Environment char bool,Clear a variable from the environment.
SDL_UpdateGamepads,,Manually pump gamepad updates if not using the loop.
SDL_UpdateHapticEffect,SDL_Haptic SDL_HapticEffectID SDL_HapticEffect bool,Update the properties of an effect.
SDL_UpdateJoysticks,,Update the current state of the open joysticks.
SDL_UpdateNVTexture,SDL_Texture SDL_Rect Uint8 int bool,Update a rectangle within a planar NV12 or NV21 texture with new pixels.
SDL_UpdateSensors,,Update the current state of the open sensors.
SDL_UpdateTexture,SDL_Texture SDL_Rect int bool,Update the given texture rectangle with new pixel data.
SDL_UpdateTrays,,Update the trays.
SDL_UpdateWindowSurface,SDL_Window bool,Copy the window surface to the screen.
SDL_UpdateWindowSurfaceRects,SDL_Window SDL_Rect int bool,Copy areas of the window surface to the screen.
SDL_UpdateYUVTexture,SDL_Texture SDL_Rect Uint8 int bool,Update a rectangle within a planar YV12 or IYUV texture with new pixel data.
SDL_UploadToGPUBuffer,SDL_GPUCopyPass SDL_GPUTransferBufferLocation SDL_GPUBufferRegion bool,Uploads data from a transfer buffer to a buffer.
SDL_UploadToGPUTexture,SDL_GPUCopyPass SDL_GPUTextureTransferInfo SDL_GPUTextureRegion bool,Uploads data from a transfer buffer to a texture.
SDL_Vulkan_CreateSurface,SDL_Window VkInstance VkAllocationCallbacks VkSurfaceKHR bool,Create a Vulkan rendering surface for a window.
SDL_Vulkan_DestroySurface,VkInstance VkSurfaceKHR VkAllocationCallbacks,Destroy the Vulkan rendering surface of a window.
SDL_Vulkan_GetInstanceExtensions,Uint32 char,Get the Vulkan instance extensions needed for vkCreateInstance.
SDL_Vulkan_GetPresentationSupport,VkInstance VkPhysicalDevice Uint32 bool,Query support for presentation via a given physical device and queue family.
SDL_Vulkan_GetVkGetInstanceProcAddr,SDL_FunctionPointer,Get the address of the `vkGetInstanceProcAddr` function.
SDL_Vulkan_LoadLibrary,char bool,Dynamically load the Vulkan loader library.
SDL_Vulkan_UnloadLibrary,,Unload the Vulkan library previously loaded by SDL_Vulkan_LoadLibrary().
SDL_WaitAndAcquireGPUSwapchainTexture,SDL_GPUCommandBuffer SDL_Window SDL_GPUTexture Uint32 bool,"Blocks the thread until a swapchain texture is available to be acquired, and then acquires it."
SDL_WaitAsyncIOResult,SDL_AsyncIOQueue SDL_AsyncIOOutcome Sint32 bool,Block until an async I/O task queue has a completed task.
SDL_WaitCondition,SDL_Condition SDL_Mutex,Wait until a condition variable is signaled.
SDL_WaitConditionTimeout,SDL_Condition SDL_Mutex Sint32 bool,Wait until a condition variable is signaled or a certain time has passed.
SDL_WaitEvent,SDL_Event bool,Wait indefinitely for the next available event.
SDL_WaitEventTimeout,SDL_Event Sint32 bool,Wait until the specified timeout (in milliseconds) for the next available event.
SDL_WaitForGPUFences,SDL_GPUDevice bool SDL_GPUFence Uint32,Blocks the thread until the given fences are signaled.
SDL_WaitForGPUIdle,SDL_GPUDevice bool,Blocks the thread until the GPU is completely idle.
SDL_WaitForGPUSwapchain,SDL_GPUDevice SDL_Window bool,Blocks the thread until all presenting command buffers are finished executing.
SDL_WaitProcess,SDL_Process bool int,Wait for a process to finish.
SDL_WaitSemaphore,SDL_Semaphore,Wait until a semaphore has a positive value and then decrements it.
SDL_WaitSemaphoreTimeout,SDL_Semaphore Sint32 bool,Wait until a semaphore has a positive value and then decrements it.
SDL_WaitThread,SDL_Thread int,Wait for a thread to finish.
SDL_WarpMouseGlobal,float bool,Move the mouse to the given position in global screen space.
SDL_WarpMouseInWindow,SDL_Window float,Move the mouse cursor to the given position within the window.
SDL_WasInit,SDL_InitFlags,Get a mask of the specified subsystems which are currently initialized.
SDL_WindowHasSurface,SDL_Window bool,Return whether the window has a surface associated with it.
SDL_WindowSupportsGPUPresentMode,SDL_GPUDevice SDL_Window SDL_GPUPresentMode bool,Determines whether a presentation mode is supported by the window.
SDL_WindowSupportsGPUSwapchainComposition,SDL_GPUDevice SDL_Window SDL_GPUSwapchainComposition bool,Determines whether a swapchain composition is supported by the window.
SDL_WriteAsyncIO,SDL_AsyncIO Uint64 SDL_AsyncIOQueue bool,Start an async write.
SDL_WriteIO,SDL_IOStream size_t,Write to an SDL_IOStream data stream.
SDL_WriteS16BE,SDL_IOStream Sint16 bool,Use this function to write 16 bits in native format to an SDL_IOStream as big-endian data.
SDL_WriteS16LE,SDL_IOStream Sint16 bool,Use this function to write 16 bits in native format to an SDL_IOStream as little-endian data.
SDL_WriteS32BE,SDL_IOStream Sint32 bool,Use this function to write 32 bits in native format to an SDL_IOStream as big-endian data.
SDL_WriteS32LE,SDL_IOStream Sint32 bool,Use this function to write 32 bits in native format to an SDL_IOStream as little-endian data.
SDL_WriteS64BE,SDL_IOStream Sint64 bool,Use this function to write 64 bits in native format to an SDL_IOStream as big-endian data.
SDL_WriteS64LE,SDL_IOStream Sint64 bool,Use this function to write 64 bits in native format to an SDL_IOStream as little-endian data.
SDL_WriteS8,SDL_IOStream Sint8 bool,Use this function to write a signed byte to an SDL_IOStream.
SDL_WriteStorageFile,SDL_Storage char Uint64 bool,Synchronously write a file from client memory into a storage container.
SDL_WriteSurfacePixel,SDL_Surface int Uint8 bool,Writes a single pixel to a surface.
SDL_WriteSurfacePixelFloat,SDL_Surface int float bool,Writes a single pixel to a surface.
SDL_WriteU16BE,SDL_IOStream Uint16 bool,Use this function to write 16 bits in native format to an SDL_IOStream as big-endian data.
SDL_WriteU16LE,SDL_IOStream Uint16 bool,Use this function to write 16 bits in native format to an SDL_IOStream as little-endian data.
SDL_WriteU32BE,SDL_IOStream Uint32 bool,Use this function to write 32 bits in native format to an SDL_IOStream as big-endian data.
SDL_WriteU32LE,SDL_IOStream Uint32 bool,Use this function to write 32 bits in native format to an SDL_IOStream as little-endian data.
SDL_WriteU64BE,SDL_IOStream Uint64 bool,Use this function to write 64 bits in native format to an SDL_IOStream as big-endian data.
SDL_WriteU64LE,SDL_IOStream Uint64 bool,Use this function to write 64 bits in native format to an SDL_IOStream as little-endian data.
SDL_WriteU8,SDL_IOStream Uint8 bool,Use this function to write a byte to an SDL_IOStream.
SDL_abs,int,Compute the absolute value of `x`.
SDL_acos,double,Compute the arc cosine of `x`.
SDL_acosf,float,Compute the arc cosine of `x`.
SDL_aligned_alloc,size_t,Allocate memory aligned to a specific alignment.
SDL_aligned_alloc_zero,size_t,Allocate zero-initialized memory aligned to a specific alignment.
SDL_aligned_free,,Free memory allocated by SDL_aligned_alloc().
SDL_asin,double,Compute the arc sine of `x`.
SDL_asinf,float,Compute the arc sine of `x`.
SDL_asprintf,char int,This works exactly like asprintf() but doesn't require access to a C runtime.
SDL_atan,double,Compute the arc tangent of `x`.
SDL_atan2,double,"Compute the arc tangent of `y / x`, using the signs of x and y to adjust the result's quadrant."
SDL_atan2f,float,"Compute the arc tangent of `y / x`, using the signs of x and y to adjust the result's quadrant."
SDL_atanf,float,Compute the arc tangent of `x`.
SDL_atof,char double,Parse a `double` from a string.
SDL_atoi,char int,Parse an `int` from a string.
SDL_bsearch,size_t SDL_CompareCallback,Perform a binary search on a previously sorted array.
SDL_bsearch_r,size_t SDL_CompareCallback_r,"Perform a binary search on a previously sorted array, passing a userdata pointer to the compare function."
SDL_calloc,size_t,Allocate a zero-initialized array.
SDL_ceil,double,Compute the ceiling of `x`.
SDL_ceilf,float,Compute the ceiling of `x`.
SDL_copysign,double,Copy the sign of one floating-point value to another.
SDL_copysignf,float,Copy the sign of one floating-point value to another.
SDL_cos,double,Compute the cosine of `x`.
SDL_cosf,float,Compute the cosine of `x`.
SDL_crc16,Uint16 size_t,Calculate a CRC-16 value.
SDL_crc32,Uint32 size_t,Calculate a CRC-32 value.
SDL_exp,double,Compute the exponential of `x`.
SDL_expf,float,Compute the exponential of `x`.
SDL_fabs,double,Compute the absolute value of `x`
SDL_fabsf,float,Compute the absolute value of `x`
SDL_floor,double,Compute the floor of `x`.
SDL_floorf,float,Compute the floor of `x`.
SDL_fmod,double,Return the floating-point remainder of `x / y`
SDL_fmodf,float,Return the floating-point remainder of `x / y`
SDL_free,,Free allocated memory.
SDL_getenv,char,Get the value of a variable in the environment.
SDL_getenv_unsafe,char,Get the value of a variable in the environment.
SDL_iconv,SDL_iconv_t char size_t,"This function converts text between encodings, reading from and writing to a buffer."
SDL_iconv_close,SDL_iconv_t int,This function frees a context used for character set conversion.
SDL_iconv_open,char SDL_iconv_t,This function allocates a context for the specified character set conversion.
SDL_iconv_string,char size_t,Helper function to convert a string's encoding in one call.
SDL_isalnum,int,Query if a character is alphabetic (a letter) or a number.
SDL_isalpha,int,Query if a character is alphabetic (a letter).
SDL_isblank,int,Report if a character is blank (a space or tab).
SDL_iscntrl,int,Report if a character is a control character.
SDL_isdigit,int,Report if a character is a numeric digit.
SDL_isgraph,int,"Report if a character is any ""printable"" except space."
SDL_isinf,double int,Return whether the value is infinity.
SDL_isinff,float int,Return whether the value is infinity.
SDL_islower,int,Report if a character is lower case.
SDL_isnan,double int,Return whether the value is NaN.
SDL_isnanf,float int,Return whether the value is NaN.
SDL_isprint,int,"Report if a character is ""printable""."
SDL_ispunct,int,Report if a character is a punctuation mark.
SDL_isspace,int,Report if a character is whitespace.
SDL_isupper,int,Report if a character is upper case.
SDL_isxdigit,int,Report if a character is a hexadecimal digit.
SDL_itoa,int char,Convert an integer into a string.
SDL_lltoa,char int,Convert a long long integer into a string.
SDL_log,double,Compute the natural logarithm of `x`.
SDL_log10,double,Compute the base-10 logarithm of `x`.
SDL_log10f,float,Compute the base-10 logarithm of `x`.
SDL_logf,float,Compute the natural logarithm of `x`.
SDL_lround,double long,Round `x` to the nearest integer representable as a long
SDL_lroundf,float long,Round `x` to the nearest integer representable as a long
SDL_ltoa,long char int,Convert a long integer into a string.
SDL_malloc,size_t,Allocate uninitialized memory.
SDL_memcmp,size_t int,Compare two buffers of memory.
SDL_memcpy,size_t,Copy non-overlapping memory.
SDL_memmove,size_t,Copy memory ranges that might overlap.
SDL_memset,int size_t,Initialize all bytes of buffer of memory to a specific value.
SDL_memset4,Uint32 size_t,Initialize all 32-bit words of buffer of memory to a specific value.
SDL_modf,double,Split `x` into integer and fractional parts
SDL_modff,float,Split `x` into integer and fractional parts
SDL_murmur3_32,size_t Uint32,Calculate a 32-bit MurmurHash3 value for a block of data.
SDL_pow,double,Raise `x` to the power `y`
SDL_powf,float,Raise `x` to the power `y`
SDL_qsort,size_t SDL_CompareCallback,Sort an array.
SDL_qsort_r,size_t SDL_CompareCallback_r,"Sort an array, passing a userdata pointer to the compare function."
SDL_rand,Sint32,Generate a pseudo-random number less than n for positive n
SDL_rand_bits,Uint32,Generate 32 pseudo-random bits.
SDL_rand_bits_r,Uint64 Uint32,Generate 32 pseudo-random bits.
SDL_rand_r,Uint64 Sint32,Generate a pseudo-random number less than n for positive n
SDL_randf,float,Generate a uniform pseudo-random floating point number less than 1.0
SDL_randf_r,Uint64 float,Generate a uniform pseudo-random floating point number less than 1.0
SDL_realloc,size_t,Change the size of allocated memory.
SDL_round,double,Round `x` to the nearest integer.
SDL_roundf,float,Round `x` to the nearest integer.
SDL_scalbn,double int,Scale `x` by an integer power of two.
SDL_scalbnf,float int,Scale `x` by an integer power of two.
SDL_setenv_unsafe,char int,Set the value of a variable in the environment.
SDL_sin,double,Compute the sine of `x`.
SDL_sinf,float,Compute the sine of `x`.
SDL_size_add_check_overflow,size_t bool,"Add two integers, checking for overflow."
SDL_size_mul_check_overflow,size_t bool,"Multiply two integers, checking for overflow."
SDL_snprintf,char size_t int,This works exactly like snprintf() but doesn't require access to a C runtime.
SDL_sqrt,double,Compute the square root of `x`.
SDL_sqrtf,float,Compute the square root of `x`.
SDL_srand,Uint64,Seeds the pseudo-random number generator.
SDL_sscanf,char int,This works exactly like sscanf() but doesn't require access to a C runtime.
SDL_strcasecmp,char int,"Compare two null-terminated UTF-8 strings, case-insensitively."
SDL_strcasestr,char,"Search a UTF-8 string for the first instance of a specific substring, case-insensitively."
SDL_strchr,char int,Search a string for the first instance of a specific byte.
SDL_strcmp,char int,Compare two null-terminated UTF-8 strings.
SDL_strdup,char,Allocate a copy of a string.
SDL_strlcat,char size_t,Concatenate strings.
SDL_strlcpy,char size_t,Copy a string.
SDL_strlen,char size_t,This works exactly like strlen() but doesn't require access to a C runtime.
SDL_strlwr,char,Convert a string to lowercase.
SDL_strncasecmp,char size_t int,"Compare two UTF-8 strings, case-insensitively, up to a number of bytes."
SDL_strncmp,char size_t int,Compare two UTF-8 strings up to a number of bytes.
SDL_strndup,char size_t,"Allocate a copy of a string, up to n characters."
SDL_strnlen,char size_t,This works exactly like strnlen() but doesn't require access to a C runtime.
SDL_strnstr,char size_t,"Search a string, up to n bytes, for the first instance of a specific substring."
SDL_strpbrk,char,"Searches a string for the first occurrence of any character contained in a breakset, and returns a pointer from the string to that character."
SDL_strrchr,char int,Search a string for the last instance of a specific byte.
SDL_strrev,char,Reverse a string's contents.
SDL_strstr,char,Search a string for the first instance of a specific substring.
SDL_strtod,char double,Parse a `double` from a string.
SDL_strtok_r,char,This works exactly like strtok_r() but doesn't require access to a C runtime.
SDL_strtol,char int long,Parse a `long` from a string.
SDL_strtoll,char int,Parse a `long long` from a string.
SDL_strtoul,char int,Parse an `unsigned long` from a string.
SDL_strtoull,char int,Parse an `unsigned long long` from a string.
SDL_strupr,char,Convert a string to uppercase.
SDL_swprintf,wchar_t size_t int,This works exactly like swprintf() but doesn't require access to a C runtime.
SDL_tan,double,Compute the tangent of `x`.
SDL_tanf,float,Compute the tangent of `x`.
SDL_tolower,int,Convert low-ASCII English letters to lowercase.
SDL_toupper,int,Convert low-ASCII English letters to uppercase.
SDL_trunc,double,Truncate `x` to an integer.
SDL_truncf,float,Truncate `x` to an integer.
SDL_uitoa,char int,Convert an unsigned integer into a string.
SDL_ulltoa,char int,Convert an unsigned long long integer into a string.
SDL_ultoa,char int,Convert an unsigned long integer into a string.
SDL_unsetenv_unsafe,char int,Clear a variable from the environment.
SDL_utf8strlcpy,char size_t,Copy an UTF-8 string.
SDL_utf8strlen,char size_t,Count the number of codepoints in a UTF-8 string.
SDL_utf8strnlen,char size_t,"Count the number of codepoints in a UTF-8 string, up to n bytes."
SDL_vasprintf,char va_list int,This works exactly like vasprintf() but doesn't require access to a C runtime.
SDL_vsnprintf,char size_t va_list int,This works exactly like vsnprintf() but doesn't require access to a C runtime.
SDL_vsscanf,char va_list int,This works exactly like vsscanf() but doesn't require access to a C runtime.
SDL_vswprintf,wchar_t size_t va_list int,This works exactly like vswprintf() but doesn't require access to a C runtime.
SDL_wcscasecmp,wchar_t int,"Compare two null-terminated wide strings, case-insensitively."
SDL_wcscmp,wchar_t int,Compare two null-terminated wide strings.
SDL_wcsdup,wchar_t,Allocate a copy of a wide string.
SDL_wcslcat,wchar_t size_t,Concatenate wide strings.
SDL_wcslcpy,wchar_t size_t,Copy a wide string.
SDL_wcslen,wchar_t size_t,This works exactly like wcslen() but doesn't require access to a C runtime.
SDL_wcsncasecmp,wchar_t size_t int,"Compare two wide strings, case-insensitively, up to a number of wchar_t."
SDL_wcsncmp,wchar_t size_t int,Compare two wide strings up to a number of wchar_t values.
SDL_wcsnlen,wchar_t size_t,This works exactly like wcsnlen() but doesn't require access to a C runtime.
SDL_wcsnstr,wchar_t size_t,"Search a wide string, up to n wide chars, for the first instance of a specific substring."
SDL_wcsstr,wchar_t,Search a wide string for the first instance of a specific substring.
SDL_wcstol,wchar_t int long,Parse a `long` from a wide string.
SDL_wcstoll,wchar_t int,Parse a `long long` from a wide string.
SDL_wcstoul,wchar_t int,Parse an `unsigned long` from a wide string.
SDL_wcstoull,wchar_t int,Parse an `unsigned long long` from a wide string.
